39.971,73.4955,35.0375,41.6787,13,129.266,673.684,,501.024,79.4353,26.6543,31.1993,9,134.197,460.532,,166.841,80.0464,28.9042,33.5881,11,108.496,478.316,,220.635,69.8627,27.2795,32.0785,11,94.0517,491.397,,415.02,79.8215,26.8308,33.0125,11,157.405,632.739
37.1959,84.7201,37.3961,44.4006,14,135.787,717.446,,502.934,75.9007,23.8147,27.9571,9,98.2734,421.62,,205.6,75.2745,28.6598,33.5447,11,91.9708,494.763,,75.5961,77.519,34.675,41.3531,15,131.561,686.776,,567.269,82.6732,26.9389,32.3701,11,134.311,554.63
94.5603,85.9079,35.8085,41.9678,13,146.119,629.734,,502.135,68.6081,23.7543,27.6122,9,83.5928,395.557,,113.067,87.5151,33.0703,38.6951,11,149.237,572.159,,216.795,78.9973,28.8341,35.4365,12,127.976,671.969,,465.021,81.1976,24.1258,27.7845,9,125.734,372.791
32.1227,90.5389,37.0435,43.4194,13,158.486,645.871,,502.061,71.4677,25.9843,30.8725,9,117.362,499.06,,145.825,82.6001,31.5887,36.8261,12,123.844,534.519,,265.41,72.3537,29.9513,34.8395,13,99.4391,501.381,,1388.48,76.6378,23.3033,27.6257,10,104.717,442.661
53.1459,71.6561,31.6252,50.0447,14,161,1903.63,,501.651,68.3193,24.2071,27.9967,9,86.7766,384.891,,114.038,80.8515,30.0405,35.1602,11,116.793,522.044,,343.975,74.9551,24.8574,34.2473,11,109.23,977.144,,408.051,80.3217,25.333,30.3301,11,107.5,512.91
44.9549,90.7267,40.3643,47.0442,15,155.325,678.312,,501.333,73.3904,25.313,29.5683,9,104.818,431.882,,100.553,75.7184,26.4736,30.5821,10,95.2499,417.255,,192.182,68.7034,28.1374,33.4889,12,112.928,543.223,,995.858,81.7221,26.9872,32.4404,11,134.58,557.348
80.8287,80.0356,27.9986,47.5896,11,206.061,1984.95,,501.491,76.4991,27.1077,31.3117,10,109.638,428.525,,34.0591,79.23,29.8644,34.8655,11,122.07,513.313,,171.139,69.2579,32.365,39.6852,14,130.24,745.757,,808.483,79.0714,24.7923,29.185,10,119.914,446.269
62.0395,75.4165,34.1924,41.8156,13,145.657,772.673,,501.422,76.5126,23.268,26.3767,8,86.0708,315.982,,143.459,79.3469,28.9386,34.2186,10,134.24,537.424,,287.846,73.3795,30.3007,36.1843,12,131.934,601.063,,420.026,71.934,23.6342,28.7698,11,118.865,524.377
43.6588,76.9684,34.6374,41.5716,13,126.272,703.03,,502.709,67.9557,22.6356,25.6024,9,68.8591,301.091,,60.6161,75.5959,28.602,34.1689,11,126.703,565.665,,389.775,80.9788,31.0642,37.5265,13,158.09,659.225,,825.82,76.3775,23.8329,28.1323,11,95.8883,440.227
34.7048,72.3773,34.4862,40.1906,13,110.065,582.532,,502.224,76.3053,24.7708,28.8638,9,101.394,418.851,,179.132,76.2428,27.9218,32.9566,10,129.344,512.489,,177.227,77.5754,37.5112,44.0532,15,142.796,667.464,,727.777,82.8692,26.3906,32.079,10,135.201,582.417
41.9272,76.8807,36.3569,55.7193,14,205.757,1980.3,,501.316,68.6661,21.8416,24.7606,8,65.6826,297.111,,95.0582,80.1735,28.6371,33.2568,10,114.955,473.939,,306.808,70.1129,28.4507,34.0328,12,119.905,568.678,,,,,,,,
97.5942,84.6057,31.8232,39.369,12,161.94,773.289,,500.896,75.6995,23.839,27.7162,8,102.391,395.304,,194.752,81.4407,28.8898,34.2133,11,120.984,540.404,,345.701,78.2635,30.9514,37.6633,15,118.148,685.073,,541.001,77.6908,23.6594,28.7147,11,117.276,517.162
48.5695,79.6415,30.0156,45.198,12,192.601,1538.19,,500.821,68.6795,24.2237,27.8472,9,78.9831,367.046,,97.7644,78.6034,28.4228,32.8934,11,98.0314,458.973,,151.316,78.4268,34.7659,42.022,16,127.408,739.39,,359.996,78.7318,25.3041,29.7852,11,120.398,459.16
95.8119,71.4498,31.4649,36.9294,12,109.573,552.693,,500.781,71.5616,25.7245,30.5678,10,93.9315,496.307,,136.38,81.1677,29.0989,33.9403,11,117.213,494.956,,160.565,67.2788,28.7558,34.3741,12,92.4164,574.68,,1222.58,68.5109,21.8959,26.7596,9,121.41,497.614
24.5006,82.0189,36.5301,75.5659,16,364.622,4041.3,,501.191,81.7386,25.7729,30.1661,10,108.246,445.39,,124.086,82.1712,31.2889,36.424,11,122.236,524.73,,279.22,77.6542,31.2926,37.9216,14,137.416,677.842,,1069.49,75.236,23.5824,28.9543,11,107.227,551.794
47.1791,82.6438,37.7075,44.9427,14,144.907,736.964,,502.414,79.6419,27.0181,31.5585,9,117.284,461.355,,54.0653,77.4411,29.1691,33.5399,11,109.604,442.017,,164.75,73.7313,25.2435,31.2173,10,127.577,612.437,,1198.99,82.4853,24.3229,28.9937,10,131.627,476.396
69.2621,82.0719,44.0762,53.29,18,171.84,937.691,,500.602,79.6538,26.3683,30.8171,10,120.686,454.301,,112.53,71.5245,26.4763,31.1662,10,101.732,481.232,,109.98,77.7339,33.8301,39.8819,15,124.418,618.374,,1174.51,79.9399,26.6924,32.3327,11,147.467,576.958
89.9865,84.0925,38.4788,46.0577,14,164.724,773.08,,503.058,67.6529,22.9266,25.9599,8,72.8904,307.929,,163.037,79.5754,28.292,33.5029,10,124.022,532.145,,224.744,70.9553,27.6927,33.2216,11,120.568,566.043,,1208.44,71.6027,23.1752,27.1467,10,101.029,406.196
75.2653,86.5968,41.1645,49.5307,16,151.274,847.094,,501.59,82.4844,25.8619,29.9857,9,110.344,418.962,,117.56,71.368,26.1936,31.0498,9,118.989,490.773,,101.671,72.8521,33.0092,38.3351,14,110.901,544.257,,,,,,,,
44.3819,74.2655,36.7761,54.8553,14,208.684,1881.51,,500.508,74.9199,26.4168,30.6786,10,91.2206,431.803,,151.334,82.0048,28.4191,33.2564,10,114.216,493.406,,231.629,76.697,29.4689,35.6334,13,117.941,630.162,,483.165,79.4245,25.378,29.936,11,122.049,465.908
78.2896,83.4427,41.7756,50.4403,15,169.341,886.467,,502.483,73.5122,23.923,28.2856,9,92.0883,445.12,,134.55,84.3213,28.4758,33.7011,10,149.143,532.133,,347.452,77.9319,30.8478,38.2773,13,146.351,761.518,,910.734,78.9631,25.6991,29.3148,11,106.106,369.144
59.2752,86.3104,41.9362,48.758,14,149.683,689.176,,500.9,80.142,29.3147,34.2453,11,105.756,503.428,,167.616,82.8092,29.0198,34.8556,10,129.886,593.733,,233.58,69.542,25.875,30.6123,11,104.142,485.529,,882.175,81.5829,26.9852,32.2913,12,137.058,541.705
13.4973,68.7942,29.7118,34.3983,10,110.266,474.729,,500.858,71.3746,25.4665,29.2941,10,81.618,388.158,,64.5057,85.1711,29.3429,34.6849,11,129.597,548.138,,223.648,77.6865,28.168,32.2191,10,130.12,413.192,,862.202,81.4688,25.2272,30.108,11,131.999,498.191
83.5569,82.1149,35.5662,49.3798,15,165.981,1420.71,,501.359,76.2351,25.6363,29.4523,9,95.378,388.035,,223.086,81.3959,29.6599,34.6938,11,112.421,512.857,,188.342,73.8723,29.6957,36.674,14,119.753,716.646,,1140.61,77.8007,24.0662,28.7155,9,127.734,473.541
55.7951,77.4631,37.9789,45.8233,15,145.527,799.003,,501.234,72.5278,25.4824,30.9632,10,121.186,560.002,,375.218,74.7202,26.1296,31.1404,9,124.713,508.149,,209.098,71.9234,28.0552,33.5016,13,107.088,559.409,,448.231,79.5522,24.7875,29.6953,11,114.576,502.16
125.567,77.3646,37.1764,42.7337,12,127.343,568.055,,501.714,79.4302,28.1324,32.5903,10,102.845,455.258,,167.393,88.0881,32.7344,39.6187,12,147.012,697.751,,1119.87,72.506,28.3355,34.346,12,128.314,613.683,,890.315,70.0661,22.0214,26.9002,9,130.521,497.031
35.715,83.1767,34.9667,41.6135,13,134.88,669.11,,501.632,70.3167,24.9469,29.4924,9,92.9351,462.753,,105.968,78.591,28.0068,32.9645,10,128.679,504.031,,250.133,74.2081,29.0732,34.61,13,112.145,568.322,,1025.08,70.8658,22.946,27.2168,11,106.36,436.74
80.216,87.9348,33.267,40.3542,12,158.896,722.046,,500.189,81.262,29.903,34.874,10,115.512,503.588,,457.005,84.616,26.9117,30.937,9,112.152,411.953,,791.404,69.2199,26.0732,31.491,11,105.531,555.902,,,,,,,,
45.5241,75.0229,36.2949,41.2884,13,104.099,507.266,,501.976,76.1963,24.3857,27.8662,9,87.5838,355.751,,104.165,83.7061,29.1905,33.8788,11,111.892,476.25,,265.059,76.346,30.9297,37.9238,14,145.519,715.382,,1034.14,80.892,26.1397,31.1674,10,148.667,513.012
40.3322,82.3814,37.0795,44.0431,15,139.928,708.933,,500.141,69.4307,24.8914,28.6072,10,71.4689,376.033,,200.391,70.4064,24.2745,28.3356,9,88.6585,412.949,,188.892,74.0892,27.0318,32.4044,12,114.303,551.186,,843.017,68.2587,22.6302,27.3646,9,92.6366,486.821
138.667,80.1858,36.8118,43.6775,13,148.086,694.676,,500.625,72.0227,26.6627,31.0444,10,94.0229,448.921,,186.428,77.478,25.8548,29.9648,9,95.8333,416.896,,305.428,73.9437,27.3607,32.2335,11,109.796,497.182,,934.466,82.3772,25.8189,30.8426,10,149.045,512.742
279.756,76.6588,30.8577,39.8283,12,132.979,922.976,,501.916,77.9452,28.5046,33.021,10,108.915,459.346,,265.256,80.4117,26.8796,31.5201,9,131.578,472.821,,156.59,68.6638,28.308,33.8216,11,111.813,562.435,,1301.2,84.0652,24.4412,28.6916,9,120.746,433.954
59.5026,76.7738,38.065,44.6772,14,142.72,672.725,,500.182,71.113,27.2605,31.6068,10,94.3035,443.393,,112.368,76.5997,28.7292,33.8493,10,124.062,520.687,,183.709,76.4556,31.1475,37.4388,13,131.936,642.466,,524.315,81.6627,24.9092,29.795,11,150.324,497.586
52.4579,80.284,37.6041,44.4897,14,142.217,699.543,,501.449,74.1215,23.9602,27.2516,9,92.2147,336.356,,185.794,68.3376,25.3563,29.1537,9,86.6092,387.25,,202.028,68.6463,28.7687,33.8148,12,98.4076,515.826,,191.79,68.5509,19.7061,23.533,8,97.4465,392.351
38.5842,73.0956,30.5015,36.4493,11,110.18,607.843,,500.505,74.8583,23.9172,27.1551,9,77.1932,330.047,,75.6661,75.6087,28.1895,33.8791,11,122.625,579.179,,192.989,77.2371,29.6721,34.884,13,121.636,529.571,,188.248,79.0445,24.5095,29.0775,10,116.335,468.334
38.0593,74.3524,32.2921,40.0347,13,133.954,787.822,,500.762,78.0798,25.7336,29.5419,10,92.6246,389.645,,70.3716,86.6455,33.8026,40.1492,12,151.402,645.54,,385.556,81.4204,27.6619,34.2594,10,161.87,674.569,,349.331,75.5372,25.3779,30.623,10,119.391,538.268
81.3289,87.5675,45.0982,53.8826,16,182.036,891.299,,500.474,74.7409,26.4106,30.1518,10,101.717,382.224,,56.0891,83.6498,33.3922,39.7227,12,144.915,645.963,,298.983,76.5626,29.8117,35.2388,13,116.792,557.299,,982.446,76.5689,23.2172,27.8172,10,117.838,471.065
68.5749,89.0089,44.5368,52.3861,16,153.483,798.084,,501.334,78.7997,27.7108,31.3189,11,87.7838,366.406,,46.4243,75.2241,28.0603,32.4617,10,105.402,449.896,,75.4245,73.5984,27.3896,33.7836,12,128.344,651.265,,536.208,73.9213,24.2748,28.6696,10,108.4,449.306
99.0799,83.9327,33.8944,48.1549,13,180.507,1476.34,,501.319,78.434,27.6196,32.6847,10,112.147,513.736,,87.2968,72.2533,25.4749,30.0414,9,100.015,466.346,,191.408,80.9754,29.785,34.9926,12,112.869,535.197,,1025.31,76.4376,24.4681,29.138,11,104.655,477.796
21.0242,84.0684,37.8936,43.1875,11,141.609,537.345,,500.997,76.8642,25.9306,29.571,9,100.099,370.685,,186.5,76.2636,26.6354,30.9831,9,107.305,442.512,,111.712,68.4106,25.5161,30.2737,11,98.2953,488.094,,235.508,81.237,24.0092,28.7729,10,128.291,486.988
31.5789,78.8583,31.5977,36.4765,11,96.3138,494.894,,500.631,70.1062,24.2929,28.0691,9,82.2126,386.736,,94.5987,85.096,30.6999,36.1141,11,132.787,547.77,,225.064,66.6001,29.4623,33.9776,12,83.4739,460.6,,656.442,72.2567,24.2473,29.5448,11,117.388,543.534
70.8915,77.8132,36.7992,44.1716,14,138.723,752.718,,501.236,72.3377,27.2563,32.6581,10,114.472,553.339,,347.69,76.3309,26.4675,30.3926,10,97.9436,398.369,,226.017,79.1944,32.0748,39.0193,14,125.157,709.087,,1286.72,78.3858,24.0414,29.0969,10,130.319,515.715
41.729,69.1512,28.8179,34.1575,10,104.29,545.114,,501.166,67.9202,26.3118,30.2286,9,87.7601,398.204,,38.4423,78.6484,27.817,32.2826,10,102.604,454.598,,439.655,69.6002,25.6056,31.9732,11,124.061,649.411,,415.411,78.0272,25.1174,29.9347,11,141.099,491.651
64.0374,88.2007,40.1515,47.5986,14,167.453,754.509,,500.916,73.1116,25.3281,28.7682,10,88.5195,351.335,,411.18,71.0183,23.4311,27.6157,9,89.4867,427.265,,286.62,70.4042,32.8829,45.1666,13,160.708,1273.44,,160.826,71.7929,25.9136,31.041,11,112.02,525.101
51.4278,82.0537,38.1521,46.5609,15,162.946,858.536,,502.127,74.1166,26.4735,30.7031,10,92.7435,429.494,,73.3527,89.108,32.5534,37.6654,12,123.954,521.918,,72.7323,68.0866,31.0069,36.3634,13,100.228,549.448,,1310.85,75.8626,24.2717,28.9722,9,118.589,480.729
29.6707,70.3059,27.0498,43.4238,10,192.044,1645.26,,500.453,71.0028,23.905,28.112,9,85.1752,430.085,,222.839,74.0106,26.2927,30.5233,9,96.6477,430.083,,326.377,77.1887,34.3693,41.7923,14,159.354,758.694,,192.553,74.4133,24.5647,29.8343,11,122.856,539.872
72.4098,89.1161,46.1032,53.8141,16,160.988,791.194,,501.884,68.051,25.7784,29.2051,10,75.7851,350.254,,237.735,77.7009,28.5459,34.1016,10,140.27,569.874,,270.579,71.4518,26.8425,67.4805,14,244.901,4273.43,,334.237,83.0099,27.0884,32.639,12,163.994,566.172
51.9087,84.6298,45.8218,53.8203,18,151.226,817.604,,502.94,69.4879,23.1288,26.3492,8,76.0778,328.409,,63.6341,76.8309,27.9858,32.8481,10,119.786,494.543,,249.557,76.8536,29.8898,36.8058,13,126.432,712.231,,861.641,69.5305,22.7416,26.9879,10,103.833,433.419
31.558,76.8709,36.6947,42.4394,12,131.085,583.464,,500.445,78.5428,27.6657,32.4202,10,111.277,483.678,,426.762,87.406,30.4014,35.4686,11,125.431,515.744,,118.398,77.1392,36.3637,43.7268,16,142.753,752.467,,,,,,,,
79.0798,74.4253,33.7279,41.2193,12,131.253,769.458,,501.205,72.1759,24.039,28.7327,9,99.9222,479.213,,360.672,69.7208,26.32,29.9234,10,81.1851,365.576,,324.6,73.3501,30.5628,48.7615,14,190.679,1913.96,,682.945,80.5085,24.3986,29.5461,10,140.683,525.49
36.0455,83.6942,47.2543,55.2943,18,149.476,822.38,,502.53,72.9571,23.894,27.4337,9,86.2582,359.401,,154.854,79.2297,28.5653,33.3705,10,114.552,488.09,,613.895,77.6658,28.2894,33.7617,12,122.396,561.626,,320.315,77.4119,24.2764,29.171,10,115.902,500.129
26.4967,81.8335,39.5125,46.7585,15,141.918,732.647,,503.836,74.4919,24.6184,28.5779,9,95.1258,402.766,,200.387,72.7941,25.3658,29.3228,9,95.0892,401.428,,125.691,71.9608,29.7745,36.1469,13,120.765,653.634,,442.167,76.8497,24.1435,28.7155,10,133.619,466.946
58.8015,74.8799,35.0311,42.1308,13,132.202,727.694,,501.728,80.7723,29.078,34.2262,11,123.39,522.177,,176.029,82.3092,28.5725,33.7601,11,132.2,528.319,,557.017,78.2646,27.3759,47.5087,12,150.896,2132.46,,214.645,77.8928,25.325,30.6797,10,122.616,548.08
127.797,77.2426,29.4994,35.831,12,123.055,643.292,,500.296,78.9514,26.7399,31.5437,10,107.223,492.107,,179.587,84.4249,33.1044,39.3227,12,147.443,633.687,,159.55,84.24,37.4591,45.0103,15,153.067,772.955,,661.727,80.7902,27.8003,34.1148,12,141.664,645.537
23.443,90.4502,43.2513,48.6467,13,141.917,545.914,,500.129,79.0123,27.5671,31.1793,10,88.2743,368.575,,48.6003,77.6071,29.5591,35.2425,11,121.304,575.697,,152.692,72.437,30.2852,35.1696,13,92.6946,500.15,,515.905,69.2633,21.4232,25.6861,8,96.3559,436.292
100.425,72.4948,28.7239,43.9001,13,157.691,1584.12,,500.389,77.7281,26.3427,30.803,10,104.407,455.364,,121.023,82.4074,26.7681,31.0423,9,123.172,437.499,,484.715,71.235,27.1726,31.9809,11,105.036,489.149,,445.867,78.5696,25.7634,31.3858,11,148.051,574.137
141.206,76.9102,34.8178,41.1013,14,103.776,637.213,,501.212,73.1222,24.893,28.3418,9,87.0289,350.344,,149.912,77.9319,28.5445,33.7073,10,117.503,523.132,,440.138,80.4126,30.8192,36.8192,13,140.547,611.111,,1420.66,71.5915,24.0943,28.5751,10,96.2716,458.642
79.9999,87.7721,38.1749,44.4779,13,133.618,645.322,,501.147,76.4967,26.257,31.0061,10,99.7429,482.603,,197.061,76.9343,27.3471,31.9611,9,113.597,468.368,,257.14,79.2316,28.991,34.4057,13,118.301,551.345,,680.315,67.3338,20.7343,25.2434,8,99.6351,460.284
43.8829,89.8664,35.1119,41.6721,12,153.424,661.849,,501.615,70.3226,26.6138,30.7731,10,87.885,422.448,,309.108,82.2049,29.7472,35.1416,10,136.995,549.302,,157.189,76.9478,29.451,35.3596,13,134.386,603.904,,1483.59,80.5969,25.5617,30.5708,11,124.851,512.155
126.854,70.962,28.7767,39.0733,12,128.984,1050.49,,500.934,73.424,24.503,28.1509,8,94.4852,371.408,,56.244,73.7831,27.415,32.6782,10,110.491,536.148,,163.994,65.741,24.1564,28.5275,11,74.6836,448.233,,1468.97,80.7838,26.0824,31.7738,10,143.782,579.277
33.2102,68.8154,23.82,34.7712,11,140.477,1118.52,,500.714,66.671,24.7064,28.3824,10,73.1055,375.253,,108.738,82.671,30.1259,35.9397,12,117.776,593.191,,90.3639,70.7169,32.4098,38.5299,13,123.91,627.912,,298.783,78.9129,26.301,31.8352,10,133.589,564.536
37.7116,91.1654,39.0931,47.1311,15,167.183,813.552,,501.24,70.2973,24.7534,28.9404,9,93.8287,423.667,,101.266,77.4977,26.573,31.445,10,107.519,497.55,,285.049,78.9914,29.3957,41.5689,13,164.617,1265.17,,520.414,78.8838,24.0872,28.7452,10,114.505,477.742
71.0143,76.5665,33.0252,39.1828,12,134.631,627.367,,502.68,77.3132,25.3703,29.1394,9,103.981,382.719,,76.0814,81.9945,30.1792,35.7643,10,152.858,566.119,,156.421,73.321,30.0199,36.6346,13,130.608,678.046,,537.034,76.5696,23.255,28.4174,10,104.53,530.865
86.4257,76.4952,38.0221,45.0335,16,119.903,712.825,,502.267,71.9763,28.2941,32.5805,11,85.3843,439.083,,139.504,86.1061,29.9084,35.7501,10,154.346,595.517,,58.9457,68.4494,30.3783,35.252,13,93.9299,497.362,,,,,,,,
58.9575,86.6929,38.8864,46.4739,14,163.668,774.575,,501.794,69.458,24.5709,29.1504,9,92.3794,466.117,,128.207,77.1265,23.2743,26.6499,8,89.3703,343.143,,174.088,69.575,27.7644,33.5007,12,103.348,586.422,,817.24,80.2651,26.034,31.3387,12,122.959,543.259
57.6861,69.9619,37.9727,44.0799,13,140.618,623.716,,500.812,72.0416,24.8869,28.5291,9,87.2615,368.727,,129.727,88.5904,31.3374,37.3888,11,147.43,611.337,,216.508,75.8843,32.7328,38.4511,14,116.551,585.584,,,,,,,,
116.277,82.6184,32.4765,38.7502,11,148.962,639.058,,501.682,74.1098,30.125,36.4821,11,137.933,646.743,,127.621,76.0326,28.5463,33.6202,11,115.934,517.22,,187.674,71.9753,27.1627,32.8212,11,131.61,579.861,,1391.87,78.5562,23.662,27.4041,10,118.603,383.467
88.1751,78.3854,34.7856,42.2622,15,125.086,762.841,,500.192,74.6464,24.5079,27.996,9,84.0033,354.956,,298.584,81.2822,27.5508,32.1051,9,131.251,462.112,,420.953,79.4382,28.3593,33.445,12,121.071,519.371,,,,,,,,
115.748,88.6196,38.5783,43.9627,12,133.913,548.562,,500.213,69.4272,25.2043,29.6236,9,101.554,452.209,,113.11,76.5711,27.0973,31.4103,10,96.0642,438.281,,732.919,74.6726,31.9158,38.5383,13,135.767,673.871,,1161.26,75.5715,25.2464,29.5559,12,96.5806,443.103
109.78,85.3606,39.0374,57.6095,15,213.082,1889.04,,502.085,73.5407,25.2329,29.4892,9,97.9823,434.686,,245.414,78.9242,27.5223,32.5474,9,131.244,509.407,,308.061,68.7078,29.622,34.3184,12,106.67,479.205,,1116.99,69.1278,21.6034,25.8203,9,101.415,431.46
87.8388,81.78,30.9824,37.8057,12,139.584,692.94,,500.579,75.9573,27.2086,31.1172,11,79.6017,401.462,,118.544,71.5051,26.0177,29.7783,10,97.4669,382.937,,175.394,70.4265,29.4264,34.3102,12,99.5348,499.855,,581.828,76.4529,26.2114,31.6439,11,109.031,556.164
133.229,80.0198,43.3541,50.8315,16,142.732,765.851,,500.283,71.091,23.7192,27.0426,9,72.6212,339.157,,74.3623,78.1993,30.402,36.0812,10,148.82,577.313,,206.352,69.5983,29.841,35.9761,12,129.111,625.917,,,,,,,,
78.3772,88.4064,39.2082,46.6671,14,165.727,763.63,,501.86,74.3543,25.5067,29.0655,9,92.7944,362.22,,61.7253,84.2942,27.9012,32.6006,10,118.997,478.671,,214.73,77.3526,30.4021,36.7281,14,106.952,651.909,,746.927,77.4833,25.6661,30.3943,11,128.407,483.599
87.1565,71.8107,39.7474,45.021,13,110.43,535.281,,500.796,75.2396,27.5727,31.441,10,92.4171,395.228,,82.6878,83.9997,32.3604,38.8578,12,152.746,659.633,,129.6,77.987,30.4054,35.9249,13,118.317,566.798,,1187.03,77.904,25.2145,30.7318,10,131.417,563.376
58.9113,85.6088,35.645,54.0112,14,273.9,1883.79,,501.334,73.4704,23.3257,27.3088,8,99.0544,404.339,,111.596,79.9899,28.7021,34.0528,9,141.295,545.216,,232.255,82.7373,34.6254,40.5291,14,169.553,601.732,,631.869,76.8476,23.4414,27.1657,10,86.8814,382.164
50.8092,90.1711,42.3113,54.5583,14,188.613,1246.78,,500.197,81.7565,26.325,30.7659,8,131.99,453.302,,306.862,78.2967,32.54,39.2691,12,131.554,685.853,,133.148,68.5023,24.9942,29.389,11,83.0618,451.62,,,,,,,,
95.9546,86.3374,46.087,52.9974,16,145.294,701.04,,500.733,68.5569,26.549,31.0694,11,89.6448,464.11,,69.639,83.1679,31.2793,36.2296,11,125.313,504.007,,232.691,69.8588,28.3395,33.405,13,99.0263,515.263,,849.817,77.077,22.704,26.6354,9,118.189,401.047
51.6068,78.5126,38.7248,46.411,14,159.765,779.872,,501.921,69.3326,24.672,28.7357,10,76.0196,414.164,,78.7843,70.8954,28.9835,34.0031,11,95.7394,512.032,,291.812,70.3619,24.1625,28.807,10,102.255,475.376,,994.764,78.573,23.6705,28.1065,10,105.924,451.664
62.2749,91.2098,46.033,53.2102,15,157.876,730.293,,502.083,69.9985,26.5327,30.9256,10,89.6954,449.094,,277.011,88.5923,32.1729,38.4136,11,147.399,635.514,,340.441,81.6161,25.8626,33.7169,12,159.553,806.469,,867.376,81.1325,25.255,29.8115,11,114.322,465.732
56.3542,66.5805,25.2267,29.5454,10,80.2263,438.245,,502.366,66.4914,23.711,27.8245,10,72.2381,417.485,,322.598,79.9217,28.3636,32.4427,10,102.187,417.524,,47.0855,75.927,30.5381,37.002,14,120,661.677,,541.769,81.1821,26.7688,31.9962,10,148.817,534.21
111.59,81.7282,34.3487,39.1692,12,114.827,489.556,,501.414,70.0375,26.7633,32.3946,11,105.014,576.743,,280.011,82.8324,28.9031,34.0775,11,122.02,527.603,,82.0331,74.7298,33.3271,39.8272,14,126.458,665.083,,804.09,78.7597,28.2782,34.298,12,127.25,616.889
20.0493,94.21,41.4645,48.7704,15,150.217,740.831,,503.43,77.0871,24.6307,28.5645,8,111.116,398.319,,91.1865,79.8775,29.889,35.4101,10,135.434,561.375,,160.067,71.0851,29.5201,44.5157,13,162.859,1529.54,,,,,,,,
131.724,77.1094,34.7942,42.2315,14,130.091,759.869,,501.347,74.0549,24.8855,28.202,10,71.8204,337.54,,89.3763,73.8408,27.8231,32.6905,10,105.14,498.568,,230.022,76.6834,29.803,34.876,12,121.231,517.979,,1109.76,75.0452,24.4405,29.2676,9,123.054,492.643
70.996,94.5702,39.2306,46.5791,14,167.509,754.448,,500.474,76.0876,24.1694,28.0665,9,103.485,399.713,,94.1502,77.7287,25.2711,29.8939,9,109.033,469.756,,153.626,73.5987,30.1126,36.7041,14,137.813,670.465,,867.94,80.0247,25.0661,29.7387,11,122.736,479.759
65.1305,74.8811,28.4081,33.1631,10,106.967,481.398,,500.357,69.0297,22.1058,25.814,8,87.9401,374.817,,313.845,75.8243,27.2214,31.4307,10,104.95,424.394,,584.841,69.6171,24.6181,29.2989,10,123.147,477.84,,668.653,81.6095,25.3954,30.8771,10,142.495,559.426
52.0567,85.7265,42.2477,51.017,17,151.804,896.797,,500.665,67.4942,25.1518,29.003,10,74.2995,393.537,,272.337,70.1274,24.083,27.4595,8,85.6865,344.458,,324.679,70.0198,26.0987,45.1863,12,185.519,1967.04,,1186.86,69.8747,22.2446,26.5165,9,115.122,436.459
64.3617,84.3775,40.3926,47.8251,14,169.065,760.848,,500.396,72.3019,23.531,27.1112,8,83.5012,362.744,,226.703,70.4312,25.8084,29.9405,9,101.821,416.918,,118.948,72.7462,28.6827,34.7889,11,127.483,618.363,,,,,,,,
43.0678,88.1794,40.1214,47.2883,15,159.221,733.114,,500.283,67.3955,25.3753,29.3319,9,90.7113,401.857,,237.065,81.8842,31.642,37.353,11,137.164,581.593,,295.082,79.0784,31.7092,54.7454,14,217.638,2330.99,,450.225,73.1613,23.1399,27.5318,10,115.233,448.844
15.8289,81.0515,35.1874,48.4423,12,186.633,1362.44,,500.665,78.9637,27.8704,32.0683,11,87.7433,423.54,,80.6557,71.2773,24.9244,29.8885,9,113.531,505.849,,256.018,71.7849,24.7829,28.9863,11,90.9992,432.169,,1186.83,86.8567,30.0256,36.2857,12,170.863,638.759
64.2277,82.2635,34.7375,40.1572,13,125.309,548.98,,501.201,73.8757,24.5922,27.6857,10,68.6726,316.294,,178.855,75.3659,26.1436,30.2397,10,82.9408,418.783,,97.2424,80.8565,36.7327,44.6512,16,118.657,806.243,,863.603,80.5888,26.0274,31.1093,11,140.781,516.898
30.6339,85.6036,39.3088,45.0737,13,141.121,584.518,,500.692,72.4722,23.4453,27.4458,8,101.844,404.664,,96.0836,82.3381,27.4825,32.3943,9,131.69,501.747,,358.369,77.1196,27.1666,48.0415,12,211.671,2178.27,,701.733,77.5684,23.222,27.1514,9,125.915,399.825
57.8073,75.2184,32.5977,57.4179,13,212.816,2489.9,,500.662,70.6716,24.4488,27.9631,9,83.3124,358.172,,141.677,73.9898,28.6367,33.7986,11,124.1,525.261,,565.178,83.5766,29.4787,34.6875,13,149.723,531.276,,863.243,73.69,25.0391,29.6035,10,115.133,468.203
47.1278,74.5496,34.4587,43.0332,14,142.159,873.473,,501.062,74.542,24.8138,28.4734,9,88.557,371.627,,225.843,77.1715,30.4566,35.2315,11,106.355,486.811,,307.378,70.1873,29.8373,35.6681,13,111.224,597.526,,746.831,78.7433,25.0769,29.8982,10,134.282,492.942
53.9935,89.194,43.9733,51.401,16,156.498,752.165,,503.572,73.6395,24.9435,29.138,10,86.0517,429.088,,203.854,88.7363,31.5529,37.3795,12,148.166,594.096,,119.454,71.1201,28.6268,34.3064,12,118.89,583.109,,693.243,76.4342,24.5522,29.0449,11,103.323,460.261
273.662,68.1323,29.2026,34.628,11,103.711,549.977,,501.078,69.6957,26.7632,31.0647,10,87.1475,440.372,,212.232,79.4314,28.1747,33.3121,10,123.781,522.872,,153.404,74.5258,31.8904,39.3549,15,133.474,765.827,,832.048,67.9497,20.1371,23.8081,8,93.2676,374.969
84.1224,75.7677,35.1172,41.2557,13,125.46,624.272,,502.71,79.085,26.7617,30.9541,10,97.796,427.027,,63.2074,87.6309,33.7541,40.8354,12,152.827,722.384,,211.883,70.0744,25.1347,30.8909,11,110.61,586.721,,900.246,73.8684,26.2989,31.5442,11,134.239,534.781
55.4949,89.2846,40.9648,49.0288,15,164.603,821.629,,500.87,80.6164,25.7322,29.5779,9,98.1043,392.142,,154.058,80.8093,28.191,32.8574,10,108.076,477.981,,309.549,71.4549,29.7747,34.9043,12,113.61,525.919,,850.189,74.4228,22.2659,26.3669,10,106.83,420.571
72.4431,82.4458,39.2593,45.8326,14,153.606,666.983,,500.748,81.3108,26.3114,30.5962,9,121.67,435.68,,199.981,82.9368,32.302,39.0263,12,153.552,689.104,,38.7351,73.5785,30.2377,35.745,12,124.412,562.877,,1163.16,74.361,24.0986,28.2777,10,101.788,427.913
58.5505,86.7308,32.3727,38.1438,12,131.865,587.088,,501.463,71.0429,24.9012,28.3273,9,87.9047,348.382,,76.75,87.5348,31.1533,38.4127,11,166.295,742.245,,76.552,71.1422,28.9055,36.6651,13,127.709,790.766,,339.835,81.2566,26.1597,31.9463,10,135.406,592.142
10.1174,89.2358,40.1941,46.3143,13,137.581,620.876,,501.111,78.645,26.9326,31.0636,10,101.958,418.116,,141.762,79.0007,25.8276,29.8575,9,107.876,411.457,,171.626,83.7405,33.7026,40.0482,15,151.27,646.277,,836.4,79.4169,23.7086,28.025,10,111.918,443.151
,,,,,,,,,,,,,,,,,,,,,,,,,,,,,,,,,,,,,,
,,,,,,,,,,,,,,,,,,,,,,,,,,,,,,,,,,,,,,
68.621906,80.98953,36.527606,45.164372,13.5,150.087911,880.98733,#DIV/0!,501.3106,73.904095,25.548861,29.621733,9.44,94.599367,414.85419,#DIV/0!,160.032546,79.241144,28.60654,33.627077,10.27,119.920195,511.28798,#DIV/0!,252.390676,74.213524,29.592779,36.784938,12.67,126.903312,738.68043,#DIV/0!,780.3477416,77.17014382,24.59888202,29.42126404,10.26966292,121.787209,493.081764
,,,,,,,,,,,,,,,,,,,,,,,,,,,,,,,,,,,,,,
100,0,100,100,89,0,,,,,,,,,,,,,,,,,,,,,,,,,,,,,,,,,
,,,,,,,,,,,,,,,,,,,,,,,,,,,,,,,,,,,,,,
,,,,,,,,,,,,,,,,,,,,,,,,,,,,,,,,,,,,,,
,,,,,,,,,,,,,,,,,,,,,,,,,,,,,,,,,,,,,,
,,,,,,,,,,,,,,,,,,,,,,,,,,,,,,,,,,,,,,
,,,,,,,68.621906,80.98953,36.527606,45.164372,13.5,150.087911,880.98733,,,,,,,,,,,,,,,,,,,,,,,,,
,,,,,,,501.3106,73.904095,25.548861,29.621733,9.44,94.599367,414.85419,,,,,,,,,#DIV/0!,,,,,,,,,,,,,,,,
,,,,,,,160.032546,79.241144,28.60654,33.627077,10.27,119.920195,511.28798,,,,,,,,,,,,,,,,,,,,,,,,,
,,,,,,,252.390676,74.213524,29.592779,36.784938,12.67,126.903312,738.68043,,,,,,,,,,,,,,,,,,,,,,,,,
,,,,,,,780.3477416,77.17014382,24.59888202,29.42126404,10.26966292,121.787209,493.081764,,,,,,,,,,,,,,,,,,,,,,,,,
