20.8592,77.7166,35.6683,40.6367,11,117.217,503.298,299,401,0.738155,,502.045,70.1836,24.9027,28.614,9,92.3342,379.44,,226.898,79.2561,29.2392,34.9458,11,116.594,576.588,426,740,0.571622,,117.913,75.856,29.0669,88.5525,13,419.623,6266.15,105,329,0.31003,,505.123,73.4465,22.8325,27.3999,9,104.519,467.275,166,1026,0.158869
107.608,67.2846,27.3543,32.5421,11,88.1045,530.443,274,384,0.705729,,500.963,68.2527,25.6739,29.7976,10,84.032,422.823,,66.2539,85.9558,33.3783,39.6274,11,164.139,638.149,421,684,0.611111,,69.2969,69.2915,34.5185,40.6572,14,111.132,625.521,79,205,0.370732,,,,,,,,,,,
81.967,80.4028,34.5545,40.02,12,123.453,556.874,284,431,0.651972,,500.657,70.9122,26.3663,30.0794,10,91.4247,380.803,,197.895,77.2929,27.6884,31.298,10,96.7193,366.9,416,671,0.615499,,299.804,67.5515,27.4212,31.7746,11,95.0892,441.591,176,551,0.313975,,637.324,80.9242,26.0928,31.1855,11,154.113,516.395,147,1818,0.0792079
48.0693,88.2515,42.91,50.8448,15,167.835,807.973,305,411,0.734793,,501.8,77.0961,25.2804,29.5681,9,108.727,434.826,,164.771,84.7755,33.3969,38.7598,12,129.455,543.477,436,676,0.640533,,537.69,73.597,30.1263,35.7201,14,116.305,569.803,237,561,0.417112,,,,,,,,,,,
59.7187,78.5916,34.0925,40.1571,13,127.075,616.611,302,384,0.778646,,501.446,69.4961,26.2827,30.8539,10,101.48,469.844,,207.025,78.5062,28.1618,33.0526,10,117.999,498.976,378,732,0.512295,,273.863,68.8758,28.1678,39.9731,12,142.632,1219.36,173,412,0.412621,,,,,,,,,,,
94.2302,73.3973,34.7716,41.4705,14,122.729,682.118,282,382,0.730366,,502.856,70.1651,24.8119,28.4226,9,83.5406,366.276,,131.043,80.9198,28.1791,32.9121,10,113.898,483.177,429,596,0.714765,,424.364,71.1779,26.6268,31.5617,11,117.455,501.238,203,441,0.453515,,,,,,,,,,,
78.4355,74.7324,36.4811,43.6342,15,119.865,730.445,297,375,0.784,,500.338,75.4942,25.9886,30.1036,9,100.045,417.306,,320.309,74.5772,26.4053,31.3364,10,99.8773,498.598,410,699,0.58226,,76.6666,70.2822,27.0015,31.6275,11,98.5041,474.356,74,268,0.264925,,,,,,,,,,,
67.6397,81.7434,33.4171,51.241,13,204.98,1828.04,312,366,0.844262,,503.69,72.5661,24.9912,29.5574,9,100.059,464.347,,189.714,85.8489,30.7053,36.6792,11,139.606,610.152,375,703,0.529161,,60.3999,86.2577,38.291,45.286,15,171.931,714.265,68,174,0.373563,,,,,,,,,,,
114.135,75.917,33.8616,39.8867,12,118.053,612.366,274,370,0.732432,,502.498,76.246,26.8635,31.1876,10,101.594,439.947,,380.893,81.3268,29.1918,34.4871,10,133.958,538.505,387,757,0.507266,,283.638,74.1279,24.8928,29.724,10,125.031,491.239,151,347,0.426513,,412.441,79.3064,27.0186,32.0711,11,132.25,517.027,151,1133,0.130627
83.7695,78.2672,33.5278,38.7454,12,106.95,535.16,294,363,0.801653,,502.521,67.8545,23.8238,27.8474,8,98.7363,410.604,,366.007,77.508,25.2694,28.4794,9,85.6174,324.823,424,690,0.610145,,62.1084,78.1098,31.3944,38.1931,13,132.713,698.734,51,252,0.190476,,406.021,80.5999,26.0523,31.2664,11,169.851,530.228,136,1462,0.0909713
144.645,83.5468,34.6175,52.3132,14,228.976,1825.36,301,368,0.809783,,500.722,69.4853,27.1954,32.2604,11,89.2289,516.646,,223.468,81.1733,28.3224,33.5202,10,116.693,528.297,420,697,0.598278,,122.606,70.0742,30.1069,34.7651,11,114.404,474.709,89,323,0.266254,,,,,,,,,,,
48.6207,80.9675,28.931,42.494,11,172.595,1387.65,297,378,0.777778,,501.045,66.7728,24.2746,27.5814,9,65.7685,337.737,,167.371,74.271,26.0678,31.0677,9,126.129,507.262,417,677,0.611521,,122.845,74.0675,35.2868,40.893,15,118.624,572.019,85,337,0.243323,,438.794,80.8228,25.3013,30.6373,11,134.83,546.362,148,1036,0.139961
26.8489,71.6839,33.8453,39.408,12,118.61,568.457,308,391,0.780051,,502.86,81.833,28.4067,32.2833,11,99.8606,394.408,,187.73,75.9984,24.7578,28.0923,9,91.4982,338.874,426,704,0.600852,,182.916,75.4164,29.9096,36.6583,15,127.027,691.253,123,334,0.359281,,345.602,78.8667,24.4968,28.9185,10,129.773,451.972,146,902,0.158537
111.221,78.4246,33.8316,52.5701,13,220.099,1940.43,267,406,0.650246,,503.12,76.5026,26.2252,30.413,9,103.676,427.53,,155.628,89.1758,35.04,41.6956,12,155.95,675.641,443,656,0.670732,,61.5058,81.7796,35.1822,40.3647,14,137.509,529.579,67,224,0.285714,,,,,,,,,,,
34.7839,90.6023,37.0676,44.0531,13,145.958,713.385,288,409,0.696822,,500.48,67.4337,21.8064,24.5842,8,60.4023,282.446,,206.404,91.4746,30.4122,35.4788,10,143.502,516.407,400,680,0.583824,,203.881,69.3084,31.5565,37.5661,14,107.81,617.556,127,285,0.435088,,,,,,,,,,,
47.19,88.2281,41.9146,52.9273,16,187.631,1117.07,296,399,0.734336,,502.807,68.9948,24.9115,28.5422,9,87.0003,368.238,,90.1041,87.2453,32.5504,38.4478,12,129.846,600.145,392,666,0.584084,,149.744,80.3281,30.211,36.1695,13,127.788,610.973,134,281,0.466192,,,,,,,,,,,
90.7385,76.5906,31.3933,40.3579,13,145.312,912.643,298,357,0.826331,,501.391,70.6551,25.6269,29.7774,10,85.0404,418.92,,158.912,89.8301,30.8217,36.2884,11,130.398,560.136,428,674,0.630564,,423.362,80.5261,34.8042,41.9807,16,125.886,733.345,214,385,0.548052,,614.449,72.5328,22.991,28.0764,10,121.887,521.811,171,1232,0.136364
156.744,96.3632,43.1124,50.0517,14,179.928,705.463,275,377,0.721485,,501.75,74.3581,26.7957,32.0206,10,120.41,531.92,,199.366,81.8491,29.5936,33.9945,11,106.003,448.182,421,712,0.587079,,104.587,76.6526,31.7618,37.7809,12,136.163,615.313,85,272,0.301471,,,,,,,,,,,
54.2818,78.6896,31.9255,38.5234,12,135.221,674.635,291,435,0.662069,,501.354,67.9173,21.1356,23.9515,8,71.456,288.333,,266.427,73.2073,25.6826,30.3585,9,112.711,476.727,405,665,0.604511,,206.467,80.6114,36.5433,43.2384,14,161.069,683.399,133,358,0.363128,,998.394,71.0857,24.3802,29.0922,10,115.823,482.046,240,1586,0.149433
61.3634,84.1685,36.4021,42.9923,13,145.044,665.393,315,353,0.883853,,501.28,74.9447,26.8245,31.0075,10,92.3053,428.085,,84.5761,73.9261,29.1526,34.9795,12,116.886,597.913,416,660,0.625758,,195.748,72.3436,28.6024,34.9649,12,126.967,652.4,144,302,0.466887,,670.449,75.0988,24.0245,28.7738,10,119.035,485.697,208,1319,0.155421
184.409,81.2395,37.1859,43.3169,13,135.283,623.42,278,364,0.755495,,500.647,83.018,30.4648,35.3052,11,110.999,492.535,,216.45,85.362,31.6739,37.8643,11,147.42,634.381,426,660,0.640909,,172.997,71.9542,33.0584,39.0346,15,109.818,606.247,126,381,0.322835,,923.113,81.4543,27.9121,33.5058,12,149.36,571.457,222,1467,0.149284
104.015,84.6214,40.3615,50.8323,15,196.234,1067.05,279,405,0.681481,,502.257,68.5059,21.4866,24.6041,8,77.1008,318.132,,136.332,81.6418,31.3729,36.3392,12,104.809,504.827,423,689,0.609579,,138.77,66.3051,28.3683,32.9743,10,97.5484,470.657,103,369,0.271003,,,,,,,,,,,
62.6113,79.5363,36.2282,42.0945,13,132.586,596.156,303,412,0.728155,,502.904,77.1999,24.201,27.0989,9,80.191,294.656,,45.8786,85.5305,30.7821,36.3187,10,144.401,562.506,409,675,0.601481,,242.545,75.2207,29.6686,35.6025,13,114.993,607.745,152,438,0.340183,,,,,,,,,,,
69.5739,77.5651,30.934,36.0378,12,103.31,515.275,292,388,0.744845,,500.865,71.3016,25.6212,30.0436,10,89.1128,447.406,,295.254,71.342,25.2184,29.6309,9,101.549,449.747,422,662,0.632931,,226.854,74.786,35.9405,43.3083,15,145.804,753.69,167,354,0.463277,,,,,,,,,,,
26.605,86.8011,38.78,53.4203,14,215.726,1504.98,289,429,0.666667,,500.884,72.1589,25.3444,29.5936,9,95.9513,432.365,,321.738,78.6921,26.3918,31.7484,9,124.312,544.313,387,682,0.56305,,77.5302,78.5309,28.716,34.3336,11,130.779,572.824,67,265,0.241509,,787.181,76.5573,25.0422,30.1682,11,127.526,523.992,203,1380,0.144928
55.5583,81.4924,41.8303,49.188,16,133.396,747.545,292,396,0.729798,,502.169,75.3989,25.5245,29.986,9,102.15,452.358,,93.0095,75.1936,27.7197,32.825,10,121.746,520.595,452,686,0.654519,,215.567,69.9153,28.378,32.9062,12,90.5351,462.114,139,319,0.426332,,868.421,73.9965,24.6477,29.4511,11,119.087,489.463,243,1345,0.178439
42.9434,85.7626,44.7733,52.8645,17,165.26,819.435,299,403,0.734491,,501.832,72.3155,25.0478,28.152,10,69.3565,317.243,,288.029,82.9751,29.3647,34.4448,11,126.012,518.451,387,685,0.560584,,272.529,72.4077,31.1467,36.7502,14,117.017,573.195,175,383,0.449086,,725.269,75.6828,22.892,27.0478,10,114.142,424.687,187,1271,0.144768
122.24,81.8135,31.9662,37.2682,11,124.165,541.662,287,349,0.813754,,500.56,82.0662,29.0439,33.8742,10,120.762,492.209,,191.458,81.1024,28.488,33.3381,9,133.02,489.873,429,670,0.635821,,302.233,78.3275,32.0984,38.1192,13,143.427,614.346,198,356,0.547753,,814.773,76.506,24.4446,29.3221,11,101.674,502.109,219,1465,0.14744
27.7356,92.6191,46.3703,53.7733,15,178.886,755.055,302,400,0.7475,,500.618,75.9302,26.7735,31.6105,10,107.555,496.222,,353.343,77.8238,28.5645,33.8522,11,120.742,539,406,672,0.599702,,154.925,71.1469,31.3887,37.3993,12,117.264,611.986,107,397,0.261965,,291.364,73.9659,24.252,28.7677,10,115.834,461.68,116,1112,0.101619
65.2983,86.28,34.1157,40.279,11,143.056,627.329,298,394,0.748731,,501.255,75.1683,23.8561,27.752,9,94.7326,396.013,,357.836,88.2362,31.1964,36.9302,11,140.609,583.457,379,703,0.534851,,136.083,71.2055,30.8113,36.8589,13,104.591,621.682,107,262,0.396947,,,,,,,,,,,
194.783,81.8462,39.644,45.7783,15,116.681,625.08,272,338,0.795858,,502.203,87.3353,32.4151,38.0222,12,129.798,567.992,,163.567,68.4614,22.2609,25.8536,8,89.2275,365,411,653,0.624809,,132.209,86.1319,33.5687,40.2911,13,184.811,683.14,105,275,0.370909,,590.342,78.4649,24.5393,28.5529,10,132.011,409.337,156,1436,0.106546
52.3268,76.2176,36.2418,42.9287,14,123.794,682.451,281,395,0.703797,,501.236,77.4272,28.5905,33.9405,10,129.625,547.61,,246.112,82.5315,30.217,35.4567,10,132.12,533.405,405,673,0.597325,,488.81,73.6102,30.5368,36.4131,14,106.211,598.844,247,417,0.585132,,,,,,,,,,,
26.0771,79.6956,32.9729,39.3553,11,149.767,644.574,269,390,0.682051,,500.338,75.1304,26.1013,29.9134,9,93.0454,386.397,,61.0842,78.6865,27.3217,32.3866,9,123.908,515.673,445,599,0.737896,,348.731,71.4828,33.8248,40.9154,14,136.052,728.309,204,400,0.5025,,701.958,68.6308,19.6932,23.6083,8,89.8889,401.44,196,1300,0.148462
107.982,78.3497,37.9961,44.1185,14,122.32,620.195,285,368,0.766304,,501.155,78.6283,27.4447,31.418,11,95.9007,405.233,,212.039,84.6226,34.9079,41.9334,13,160.859,717.616,413,629,0.651828,,166.971,71.2291,30.5668,36.1503,13,106.925,574.14,101,242,0.404959,,896.906,74.9353,24.1806,29.4845,10,119.988,543.539,194,1361,0.140338
86.9395,84.273,36.6365,43.6641,14,140.673,718.345,279,353,0.78187,,503.519,75.4869,26.0875,30.8106,9,108.273,482.418,,109.803,74.1782,27.5243,32.8259,10,121.266,539.936,410,582,0.699313,,132.322,76.7162,37.8764,45.2254,17,129.477,752.252,105,271,0.376384,,,,,,,,,,,
39.0723,88.1979,39.2336,47.6336,15,169.211,854.136,299,388,0.762887,,500.986,78.2517,26.5105,29.988,10,79.0575,354.202,,73.2882,81.0204,26.4797,31.4326,10,106.4,506.392,423,664,0.63253,,439.424,73.5831,27.4021,32.426,11,111.683,510.541,236,442,0.527149,,777.746,70.8991,23.6241,28.3283,10,115.402,482.916,196,1229,0.157038
37.0203,90.9831,44.2375,51.3731,15,161.811,730.132,324,380,0.844737,,501.409,74.6138,26.4165,30.0416,10,77.3196,369.779,,222.264,81.3718,29.8197,35.2529,11,112.898,552.194,433,622,0.691318,,275.246,74.3898,28.985,40.6404,12,145.334,1206.09,165,461,0.35141,,,,,,,,,,,
58.2542,90.5434,41.176,49.1257,15,160.181,805.75,306,374,0.81016,,502.486,75.1558,26.7735,32.0149,10,117.753,534.56,,102.391,81.4725,30.708,36.6847,11,134.906,608.797,413,679,0.603829,,76.3011,75.4877,34.6098,40.3598,13,139.846,586.094,59,195,0.287179,,,,,,,,,,,
65.1056,78.7501,34.8968,41.071,13,144.51,632.709,304,382,0.787958,,502.126,79.2856,25.6221,30.1153,8,122.061,459.409,,201.272,81.0657,28.5356,33.3943,10,116.689,493.669,439,671,0.649776,,183.061,80.1969,31.4433,38.7876,14,140.969,752.786,142,338,0.411243,,,,,,,,,,,
100.85,87.3183,40.0677,46.1146,13,127.263,617.355,280,384,0.721354,,500.685,70.0474,26.5492,30.0081,10,74.4945,353.799,,262.424,74.4998,27.433,32.59,10,126.194,526.996,392,738,0.5271,,725.04,83.9049,29.3352,35.254,13,141.239,607.055,311,626,0.492013,,,,,,,,,,,
106.679,84.3659,34.4497,40.8456,12,143.54,651.965,289,386,0.740933,,502.052,78.055,24.5188,28.9568,8,120.957,449.506,,289.541,72.6181,25.4972,30.418,9,113.739,503.629,404,654,0.61315,,113.47,78.4017,28.8864,34.7285,13,110.628,599.159,73,226,0.309735,,636.949,81.057,25.9764,31.9835,11,146.461,613.854,165,1397,0.115963
90.9655,75.963,32.4067,38.7981,13,125.063,649.217,294,383,0.759791,,501.95,68.4723,27.4604,31.6601,11,78.7974,429.866,,170.541,80.4397,30.7995,36.0223,12,115.118,531.035,444,660,0.668182,,230.2,67.0118,30.1427,35.5426,11,119.117,552.33,141,324,0.425926,,993.201,79.7598,26.7154,30.8633,12,119.555,422.289,235,1596,0.145363
37.1716,78.2505,37.0211,42.8418,13,127.46,592.251,320,411,0.77129,,500.786,68.4774,25.8813,29.4715,10,75.7794,365.498,,344.677,80.4322,27.2402,33.0869,9,144.17,594.834,414,713,0.576438,,189.275,84.7741,29.7643,35.3295,12,155.466,570.095,149,315,0.463492,,261.179,78.7154,24.6518,29.1948,10,128.461,460.839,137,733,0.18281
29.516,82.1685,38.2099,44.5558,12,154.004,648.49,303,418,0.717703,,500.16,68.7057,23.5292,27.0567,9,80.8283,359.572,,282.356,84.8492,32.1115,37.8538,12,122.624,587.242,409,724,0.560773,,314.626,78.4124,27.7862,33.2878,12,133.109,561.989,189,354,0.525424,,858.161,74.9347,24.7144,30.3514,10,123.649,578.097,258,1270,0.200787
20.5126,86.69,31.3373,36.9378,11,127.785,568.124,307,418,0.727273,,502.873,72.719,23.9704,28.4869,9,98.4042,457.826,,566.23,75.2124,27.0802,32.8625,10,119.82,587.578,401,769,0.517555,,110.175,80.1217,31.0296,64.5269,15,249.406,3535.42,113,255,0.431373,,,,,,,,,,,
200.741,88.6941,38.9318,46.64,15,151.59,784.987,248,345,0.710145,,501.637,81.8351,33.126,38.7343,12,130.592,572.608,,453.251,78.503,27.1581,32.0278,9,122.661,494.957,404,736,0.544837,,336.247,67.8095,26.5139,34.9073,13,103.673,867.563,192,423,0.446809,,,,,,,,,,,
35.921,70.2998,32.1329,43.9322,11,149.25,1223.41,287,439,0.646925,,502.724,77.2787,25.2556,28.9164,9,99.5221,372.953,,125.999,73.7247,24.4017,28.0576,9,97.502,368.593,441,651,0.672811,,240.542,79.327,33.8159,40.7114,14,148.831,702.875,142,353,0.393768,,768.778,77.0982,25.5932,30.7517,10,120.433,528.662,214,1341,0.157345
79.1737,76.9142,39.477,47.9088,15,153.163,861.851,286,414,0.683575,,501.168,78.1777,25.5989,29.2457,9,96.7385,369.996,,126.915,80.6477,28.7379,33.8582,10,117.816,523.184,433,627,0.685805,,350.122,78.1679,29.8113,34.6188,12,125.815,490.178,189,471,0.394904,,887.488,77.1929,26.3381,31.7245,11,156.331,551.292,233,1618,0.142151
60.1131,77.2548,34.7568,40.3516,13,119.632,565.088,285,405,0.696296,,503.217,80.1937,28.4461,32.6154,10,104.623,424.919,,410.718,78.5055,27.2379,31.7861,10,114.707,461.822,380,775,0.486452,,91.627,76.8427,27.9802,34.3974,12,129.908,657.565,86,206,0.402913,,,,,,,,,,,
129.625,72.2471,31.7872,53.8039,14,207.941,2297.67,303,370,0.810811,,500.156,80.6115,27.7668,32.5828,10,112.144,491.074,,220.924,83.6877,28.5667,33.7164,10,124.341,524.514,415,699,0.589413,,142.241,71.7541,28.2396,41.5866,11,195.331,1347.69,102,283,0.349823,,914.713,76.1231,24.2331,28.2319,11,109.759,409.396,246,1291,0.188226
75.6594,86.9814,35.2386,53.1531,14,217.941,1838.63,291,375,0.768,,500.142,72.2214,24.0794,27.1453,9,75.4204,314.237,,430.904,78.289,27.8936,32.3324,10,103.635,448.68,391,674,0.575668,,132.63,76.4787,32.9885,39.2015,14,134.066,631.826,90,296,0.293919,,,,,,,,,,,
110.954,84.9954,33.4329,38.9346,12,127.898,556.586,309,339,0.902655,,501.016,71.399,24.8268,28.6447,9,88.0209,387.327,,484.196,67.7768,23.6095,27.1336,9,74.3064,358.57,403,675,0.592593,,233.487,72.7102,31.1943,36.4882,12,122.539,539.318,153,388,0.386598,,,,,,,,,,,
70.5061,70.8475,34.1948,41.6161,13,138.072,757.923,282,406,0.687192,,502.049,68.1466,22.5331,26.4575,8,88.0062,399.59,,155.142,87.5754,31.0061,36.6237,11,154.858,571.796,414,724,0.56768,,205.326,75.1392,30.0921,36.9896,13,143.835,710.529,130,301,0.421927,,,,,,,,,,,
51.9357,92.6657,40.0902,47.7145,15,165.909,773.203,297,346,0.849711,,502.365,69.0953,23.1291,26.1611,8,82.0588,307.864,,278.756,86.797,30.5192,35.5582,11,136.52,513.161,384,617,0.617504,,251.714,84.098,31.6575,37.4055,12,147.881,586.245,149,377,0.387268,,820.473,85.2963,27.1093,32.4352,11,142.724,546.423,202,1534,0.129726
62.6446,82.2547,42.7454,49.4668,14,162.632,679.914,283,355,0.788732,,502.71,75.928,23.2865,26.7422,9,88.6382,351.857,,156.501,75.9142,29.0797,33.8815,11,108.861,490.346,450,651,0.686636,,303.476,68.4728,30.7108,36.4928,13,104.163,589.843,162,485,0.327835,,985.192,79.5918,26.4233,31.3132,11,134.834,500.521,217,1600,0.13375
55.9356,74.2131,37.3802,43.7722,13,135.539,653.014,299,410,0.721951,,500.917,77.8529,26.8564,31.3815,10,110.913,462.032,,74.8734,82.5935,30.2592,35.7402,10,139.244,556.763,432,640,0.670312,,112.849,80.208,31.952,37.8369,12,160.509,598.443,94,284,0.320423,,533.926,77.1659,25.0658,30.3739,10,123.248,543.587,172,1331,0.126972
46.068,78.8375,24.3553,28.5158,9,101.622,423.596,282,441,0.632653,,500.433,73.9606,23.5472,27.0994,9,84.44,360.56,,289.216,81.6358,26.489,31.5264,9,129.047,510.708,423,718,0.584958,,94.6552,69.4166,24.9774,30.5551,10,124.984,569.609,75,249,0.289157,,562.504,73.3297,24.4856,29.5146,10,124.7,514.744,186,1137,0.16095
69.3533,83.393,41.4044,49.2517,14,159.817,803.518,280,383,0.723238,,500.956,78.926,27.1704,31.0332,10,103.264,394.461,,101.128,81.2804,28.6581,33.9194,10,132.638,533.875,437,630,0.688889,,125.281,77.4766,35.2067,41.9582,16,130.854,691.635,94,266,0.342105,,388.58,83.9003,25.9497,30.8363,10,123.998,501.092,138,1252,0.107827
96.8111,74.9382,33.3312,39.2147,13,122.707,595.03,298,373,0.790885,,501.142,68.4144,24.0749,27.1963,9,69.1861,319.735,,156.589,83.2724,28.5165,33.8634,10,128.584,543.792,415,668,0.616766,,186.438,75.9577,31.0776,37.6662,14,150.233,675.028,128,329,0.379939,,,,,,,,,,,
86.679,78.3119,37.078,43.2495,13,117.243,628.561,290,365,0.786301,,500.874,71.585,22.1475,25.3768,8,90.8804,329.751,,166.105,92.5434,36.2766,43.563,13,163.306,741.69,452,683,0.657394,,198.761,72.4998,32.7298,42.5554,15,145.635,1015.01,134,284,0.461268,,834.506,78.5921,26.3105,31.1491,11,138.511,491.54,188,1776,0.104167
64.2687,77.4843,31.3393,37.5164,10,151.445,630.526,302,375,0.797333,,501.711,75.3631,26.821,30.903,9,100.194,415.325,,71.4551,85.8924,32.506,38.7484,11,149.038,633.138,427,657,0.645358,,182.187,76.452,30.5392,35.8543,12,132.791,542.071,108,290,0.362069,,937.36,77.1988,23.475,27.102,10,99.8872,369.97,254,1270,0.197638
92.2585,75.5389,39.6544,51.2988,16,184.138,1186,311,352,0.875,,500.581,77.851,24.7632,28.8996,9,108.597,420.379,,59.5884,84.3819,29.7336,35.3683,11,130.835,574.034,425,604,0.698675,,349.959,88.5488,32.6351,39.4529,13,162.089,697.591,198,397,0.491184,,475.476,77.084,24.6796,29.359,10,126.027,477.905,179,1307,0.13466
98.6605,78.6651,28.6874,39.7228,11,152.028,1144.81,287,393,0.722646,,503.216,77.3771,26.4005,30.9383,9,118.389,462.981,,181.073,79.9006,27.485,31.9768,10,113.278,456.689,405,680,0.591176,,238.824,77.9998,28.9303,44.8686,13,210.787,1640.32,150,367,0.400545,,,,,,,,,,,
63.7764,78.8882,33.7806,52.0196,12,205.113,1855.61,285,440,0.640909,,502.242,75.9372,26.3763,30.1793,9,96.274,386.574,,201.743,88.831,36.5718,44.3061,14,154.762,786.743,425,760,0.555263,,411.286,72.2365,25.9508,45.3849,12,201.673,2017.4,196,524,0.368321,,,,,,,,,,,
56.6163,85.6009,37.5818,72.2283,14,363.944,3555.3,285,385,0.732468,,502.697,68.1275,23.7538,26.8706,9,74.1061,318.086,,155.209,82.2194,28.5757,34.2317,10,132.581,576.665,430,631,0.676704,,240.752,71.3277,33.2221,39.3535,14,116.111,623.977,151,379,0.390501,,421.211,76.0629,23.6493,28.639,10,114.528,509.84,148,1397,0.103794
114.565,80.3703,39.0876,46.7773,15,143.755,781.869,265,391,0.670077,,500.385,76.9215,25.7636,29.5195,10,91.6612,383.165,,184.801,80.5739,29.3947,34.8086,11,135.57,549.697,387,666,0.576577,,188.471,73.9708,29.0805,34.4062,12,121.076,542.825,122,253,0.470356,,,,,,,,,,,
99.407,85.8053,37.1814,44.318,13,155.024,721.68,305,360,0.838889,,501.505,76.1518,28.8905,32.972,11,90.807,418.946,,78.4595,79.8865,27.9657,32.8312,11,99.433,497.776,458,578,0.787197,,288.132,77.3784,29.5407,35.772,12,148.789,638.878,176,333,0.51952,,,,,,,,,,,
44.9124,78.8858,37.0863,42.9539,12,141.755,597.902,303,388,0.773196,,500.7,73.3416,25.6865,29.555,9,91.2347,395.457,,356.321,71.4926,26.6685,31.8292,10,116.465,522.031,417,730,0.567123,,163.939,68.6424,28.2558,34.1517,14,102.981,604.696,134,277,0.472924,,,,,,,,,,,
95.1159,84.1141,39.6701,46.8036,15,155.252,728.223,291,380,0.757895,,500.983,74.7352,25.6462,29.8481,10,103.988,427.862,,221.474,75.6776,27.439,32.3587,10,107.256,503.152,417,706,0.586402,,171.137,80.7277,33.4422,39.1162,14,124.551,579.526,117,382,0.298429,,204.448,79.8118,24.6115,29.3498,10,131.869,482.372,94,1347,0.0675575
112.031,78.5872,33.3002,51.6686,14,184.864,1915.38,284,380,0.739474,,501.1,70.4293,25.099,29.1844,10,78.1297,417.225,,188.496,72.2936,26.2511,30.3764,10,90.9559,421.582,443,634,0.694006,,133.368,69.5827,30.6241,36.0193,15,89.9632,557.536,105,299,0.341137,,736.714,72.0478,21.9659,26.3066,9,99.8004,445.647,194,1763,0.108338
81.4865,83.6195,36.7002,43.092,12,158.212,649.799,268,389,0.681234,,501.153,71.3642,27.852,33.0162,11,98.0314,526.255,,268.582,82.5969,29.1477,34.2323,11,114.794,518.003,409,762,0.532808,,90.213,73.839,33.0896,38.5398,13,121.47,557.218,90,222,0.391892,,970.213,74.6427,22.7238,26.6619,9,107.986,401.685,245,1519,0.159315
26.4098,75.6345,34.9376,44.8379,15,134.656,1029.45,310,424,0.724057,,501.36,69.2179,23.36,27.3607,9,83.5916,408.293,,115.119,72.3049,29.0194,34.0393,11,102.861,513.099,447,668,0.664671,,76.5327,67.0283,26.4374,30.6872,12,80.4891,433.469,67,204,0.313725,,996.739,84.8352,25.8363,31.0169,10,144.004,529.125,217,1930,0.110881
28.9194,75.7002,33.8976,39.967,13,116.888,620.906,322,361,0.883657,,502.956,72.2715,23.9068,27.3866,9,81.8818,354.791,,189.346,80.4911,29.1706,34.2735,11,112.825,518.263,414,767,0.535854,,183.968,78.1691,28.5369,33.725,11,127.689,531.29,141,268,0.514925,,,,,,,,,,,
58.5526,74.6793,39.8228,45.933,13,147.046,622.114,307,386,0.787565,,503.973,69.386,24.7571,29.2554,9,100.151,457.754,,218.166,79.4661,26.615,31.5279,10,117.227,504.186,405,655,0.61374,,669.712,74.3689,32.1823,38.2387,14,114.486,621.114,288,475,0.6,,533.597,80.1201,26.1709,31.2344,11,151.734,516.503,184,1037,0.174542
95.8818,78.0048,35.8356,41.8931,13,124.011,617.373,281,388,0.716495,,500.968,70.7141,27.0109,31.015,10,88.3123,405.948,,168.104,82.8606,29.8159,35.3878,10,140.937,568.599,436,621,0.697262,,125.523,69.6964,26.4195,32.1556,11,117.449,586.954,85,349,0.234957,,934.931,78.5398,26.0453,31.5798,11,122.953,565.164,207,2178,0.0936639
100.808,73.8748,30.0215,45.1637,11,182.404,1507.17,269,398,0.668342,,501.884,82.4457,30.2314,35.8341,10,141.271,568.079,,172.973,79.436,30.2644,35.4079,11,120.76,525.137,420,649,0.642527,,210.008,66.7203,22.7421,33.7009,10,139.202,1137.13,140,364,0.376374,,,,,,,,,,,
65.3832,76.3896,30.0796,51.1874,12,229.345,2113.33,307,366,0.830601,,500.425,70.0085,25.4319,29.4841,10,85.8331,413.443,,223.9,72.0531,23.7557,27.3017,8,95.8838,360.706,407,666,0.606607,,129.41,76.5018,34.981,41.7868,15,129.142,694.122,98,335,0.283582,,,,,,,,,,,
41.8981,85.1233,39.7191,47.4614,14,162.719,783.108,297,414,0.710145,,501.466,82.3347,27.985,33.0713,11,116.291,519.549,,56.9145,83.5073,29.89,34.5914,10,127.597,477.197,435,636,0.679245,,178.681,78.8623,28.7277,33.9309,12,125.043,532.561,132,274,0.470803,,,,,,,,,,,
145.756,75.6772,35.5455,41.3692,13,125.551,595.932,293,352,0.823864,,500.684,68.7862,25.5769,29.5064,9,94.0031,401.458,,171.192,78.9131,29.9279,34.5349,11,112.924,469.396,431,657,0.651446,,503.104,72.8812,28.5071,33.8909,13,102.317,549.058,249,477,0.515723,,,,,,,,,,,
77.6912,85.0007,42.4036,49.2447,15,153.165,696.07,292,384,0.752604,,501.401,77.6651,25.7503,30.5218,9,120.946,486.094,,266.333,80.0802,30.3513,36.7827,11,137.543,654.653,388,674,0.571217,,462.346,69.1284,27.9252,33.1019,12,107.734,529.481,236,616,0.378247,,986.762,77.095,26.6985,32.8621,10,136.309,628.408,205,1769,0.114189
64.116,70.7831,31.667,37.5406,12,116.961,597.401,273,414,0.652174,,501.346,71.4728,25.5656,29.6295,9,99.7056,412.711,,180.873,82.4145,29.8273,35.2155,10,138.414,549.102,413,676,0.606509,,272.838,68.4438,33.0027,39.578,14,123.637,674.463,178,354,0.49435,,,,,,,,,,,
37.5223,78.6005,34.3786,41.7389,13,145.333,758.808,280,418,0.662679,,500.643,71.3673,26.8648,31.1758,10,101.076,441.717,,178.776,77.298,27.5692,32.0817,10,98.7381,461.597,448,589,0.755518,,314.325,71.3895,26.9286,32.2956,11,127.217,546.666,177,353,0.492918,,,,,,,,,,,
59.1243,79.9136,36.3654,41.2902,12,117.288,501.956,287,423,0.671395,,500.883,75.6404,31.2798,35.6997,11,86.1114,450.272,,288.458,78.2328,28.4335,34.3116,10,125.249,600.566,406,668,0.603293,,153.346,71.6266,29.4568,39.3968,14,137.315,1023.95,117,329,0.346505,,,,,,,,,,,
36.1437,82.3575,31.9261,46.3982,12,183.455,1496.3,317,381,0.824147,,503.514,72.191,27.7918,32.4291,11,86.6237,472.202,,522.227,83.9089,30.8751,36.9402,11,140.69,614.833,402,697,0.572453,,213.257,66.7747,29.3633,34.1594,12,95.1276,490.73,141,414,0.333333,,,,,,,,,,,
34.6924,77.2433,30.4796,36.578,12,107.266,624.121,310,394,0.779188,,502.719,73.1566,26.6394,30.5095,10,87.3113,395.125,,63.3981,75.8239,26.8059,31.9003,10,115.475,518.011,449,624,0.714744,,59.1228,69.6582,29.0541,34.8529,13,111.853,591.38,48,131,0.343511,,,,,,,,,,,
73.2059,80.1729,42.4682,49.2962,14,164.619,688.272,293,422,0.687204,,501.433,78.9282,25.423,29.6164,9,107.3,426.558,,62.671,86.4407,33.6798,39.5973,12,143.043,602.177,457,600,0.756667,,271.778,76.4574,32.3305,39.2259,15,141.862,699.501,157,423,0.364066,,371.361,69.7519,25.3687,31.2609,11,115.165,606.245,133,1041,0.12488
54.301,77.6754,29.2181,34.6669,10,127.016,554.353,292,417,0.693046,,500.961,76.3791,27.1736,32.3206,10,121.529,527.008,,475.432,68.3133,21.2793,24.3241,8,64.2834,308.681,375,689,0.539913,,163.631,78.795,26.058,32.1794,11,122.88,629.002,117,376,0.303191,,161.515,76.3169,25.5879,31.1668,11,111.648,573.632,94,917,0.0992366
71.6745,88.6619,47.8412,56.7885,16,200.053,909.408,323,389,0.822622,,501.82,75.2514,24.7089,28.6485,8,104.504,397.544,,162.795,80.4346,29.1343,34.8761,11,118.356,589.008,429,687,0.620087,,341.315,77.3541,30.6095,37.2841,15,126.943,685.36,187,370,0.497297,,,,,,,,,,,
84.1587,84.8096,35.4263,46.5643,13,196.029,1135.14,301,373,0.798928,,501.827,67.8543,24.6907,28.3495,9,84.1152,372.147,,269.834,74.3396,28.4839,33.9085,10,119.53,550.091,393,709,0.550071,,264.973,80.8583,31.2776,37.9229,14,126.349,680.098,149,461,0.316703,,,,,,,,,,,
32.2029,85.468,32.1199,38.7197,12,137.655,675.437,316,395,0.792405,,503.814,69.0326,24.2968,28.251,9,89.4212,402.363,,167.517,80.3063,28.4664,32.996,10,112.19,462.862,432,639,0.671362,,184.88,73.0962,34.8442,40.8016,14,123.773,609.72,125,368,0.331522,,685.984,75.9637,23.4082,27.8026,10,119.684,447.732,189,1603,0.116032
61.3142,72.585,32.9004,39.8208,13,133.88,709.598,276,447,0.610738,,501.582,74.8113,24.455,28.3904,9,87.6123,399.385,,185.403,84.6702,32.8742,39.2709,12,144.446,653.528,425,624,0.676282,,86.8275,76.9077,33.6541,40.4718,14,140.1,697.362,69,227,0.290749,,531.826,69.7188,23.0239,28.0154,10,104.976,508.926,172,1049,0.161106
85.5901,89.5122,29.1112,36.8273,10,162.805,792.89,295,361,0.808864,,500.758,68.1415,26.6347,30.434,10,87.0482,387.226,,249.584,79.5455,26.3292,31.1694,9,127.476,493.412,426,669,0.632287,,239.066,76.4967,26.7707,34.9993,12,143.942,841.037,142,387,0.359173,,,,,,,,,,,
136.142,79.937,32.9495,37.6001,12,112.446,476.018,309,362,0.845304,,501.911,76.9771,25.0646,28.0086,10,78.584,301.25,,399.29,80.3911,27.4371,32.1713,9,123.013,479.314,420,688,0.606105,,60.9109,77.689,32.3557,40.3649,16,147.9,817.736,51,256,0.1875,,,,,,,,,,,
55.5964,97.0068,40.1794,47.7551,14,176.408,776.218,300,392,0.757653,,501.287,72.5217,27.4253,31.2251,10,99.4115,387.403,,92.25,76.6899,27.1264,32.3944,9,126.943,536.581,425,702,0.60114,,332.563,76.8296,34.6249,41.2477,15,123.994,679.173,176,449,0.385301,,144.809,74.9831,25.3046,30.2954,11,123.99,511.505,87,753,0.111554
43.4463,85.0087,40.3829,48.114,15,157.991,789.129,292,399,0.724311,,501.757,75.4215,24.4976,27.6735,9,77.9024,323.455,,155.484,84.5902,31.7957,37.5198,11,135.518,581.796,416,645,0.64031,,569.156,74.4227,34.5946,40.1871,14,123.773,570.785,252,567,0.439153,,,,,,,,,,,
71.1625,84.8465,40.4209,48.0656,15,154.207,773.799,276,388,0.703608,,501.486,70.8555,26.7673,31.1982,10,87.6536,450.082,,243.202,85.5013,29.2296,34.8249,10,142.668,570.931,408,697,0.581062,,236.453,81.1121,28.1412,39.5952,12,174.504,1157.66,165,314,0.515924,,549.262,77.168,24.1926,29.6595,10,130.328,560.12,181,1306,0.136294
86.7495,78.1335,33.4456,39.6109,12,132.95,630.81,319,339,0.932153,,503.142,73.9325,25.1803,30.5531,9,113.082,548.273,,77.9383,81.4141,28.6941,33.3971,10,120.803,481.25,445,677,0.65288,,127.476,78.5625,29.2595,34.6619,12,120.077,552.381,108,209,0.502392,,,,,,,,,,,
124.469,72.1896,31.5882,39.1528,13,133.259,768.253,253,384,0.651042,,500.333,85.2511,29.3306,34.6151,9,146.943,536.286,,357.306,74.7152,28.5483,32.388,11,98.362,391.215,374,728,0.509615,,761.451,68.2055,27.2129,31.6048,12,80.3736,452.498,293,555,0.522523,,,,,,,,,,,
142.778,74.7744,30.0386,39.9236,12,149.715,1021.53,269,397,0.670025,,501.239,73.0027,26.1924,30.9401,10,96.4018,484.356,,487.993,71.5728,23.9718,28.17,9,99.518,428.775,404,680,0.589706,,199.355,79.7488,33.9583,40.2234,15,141.475,640.5,129,230,0.547826,,,,,,,,,,,
121.209,76.5333,30.6433,37.2711,11,139.983,672.225,305,360,0.838889,,501.219,76.5037,26.5629,30.8683,9,106.302,440.25,,158.874,84.3051,31.0042,36.0854,11,119.002,516.992,424,663,0.634992,,108.352,68.3369,27.0953,31.2989,11,93.8678,430.92,86,343,0.241983,,153.595,72.34,24.2389,28.7019,10,119.542,456.724,86,792,0.104798
72.7342,83.1557,44.6836,53.3935,18,161.514,887.33,312,394,0.784264,,501.925,81.8759,30.9531,36.9175,11,142.629,605.408,,139.822,81.6953,31.8166,37.919,11,143.506,621.507,454,739,0.610284,,365.41,82.6161,38.2078,46.3845,16,166.554,835.705,178,406,0.431034,,,,,,,,,,,
76.9087,91.4186,42.1114,49.3976,15,167.302,740.011,277,367,0.746594,,502.968,83.2945,28.6941,33.6513,10,120.649,505.089,,218.314,81.3555,32.7519,38.763,11,154.584,608.505,410,681,0.597651,,603.225,80.336,26.9294,33.4181,12,146.083,666.938,230,594,0.382155,,377.388,72.1153,25.5949,31.0641,11,111.043,560.624,136,1081,0.123034
88.1149,84.3639,37.4314,43.4563,13,140.546,610.552,285,377,0.748011,,501.614,72.2858,28.3578,33.1002,10,110.199,483.499,,740.232,74.2872,25.4366,30.2632,9,117.287,490.509,370,757,0.484808,,272.522,71.0885,29.9206,35.5457,12,123.781,574.421,162,496,0.320565,,916.695,75.7303,23.9009,28.5186,10,121.974,471.709,230,1618,0.140297
85.6428,74.1176,28.9928,34.8403,11,115.358,597.667,307,381,0.7979,,501.952,72.9381,26.447,31.321,9,114.121,494.057,,414.901,80.1614,26.4506,31.2607,10,108.894,490.817,408,771,0.525292,,492.876,72.3602,31.4322,37.94,14,127.721,666.108,213,464,0.452586,,,,,,,,,,,
20.3777,87.5677,46.5782,55.7156,16,176.179,925.865,322,395,0.807595,,501.838,88.4325,28.1028,32.8538,10,122.994,484.069,,237.365,84.1316,29.5558,34.7081,11,120.643,526.039,403,706,0.566572,,153.832,66.997,28.726,33.388,13,83.0425,479.167,119,328,0.353659,,,,,,,,,,,
111.821,70.3532,32.0796,37.7938,11,114.195,585.559,294,346,0.84104,,502.344,80.0834,28.6981,32.7453,11,99.8205,413.003,,472.266,76.6694,27.6644,32.3165,10,112.727,471.346,392,631,0.616482,,275.429,71.0222,28.7274,43.1022,13,135.304,1497.75,163,357,0.448179,,679.498,77.3037,25.9279,31.654,10,129.689,585.331,193,1127,0.168589
93.742,90.0181,41.9287,48.2314,13,155.355,635.488,278,423,0.650118,,501.053,75.2695,23.8898,27.3378,9,78.5103,349.086,,182.391,67.7632,23.2638,26.405,9,66.8937,321.728,422,666,0.629129,,194.529,67.9813,24.1541,28.1184,9,97.9976,405.555,141,284,0.485915,,,,,,,,,,,
80.7736,79.3419,40.9626,46.8823,14,113.957,601.923,282,403,0.692308,,500.732,75.8261,27.5229,32.2049,10,106.229,477.264,,115.081,74.7471,26.0929,30.8483,10,103.176,483.702,405,675,0.595556,,283.225,73.1094,32.5628,38.2025,13,115.068,577.817,183,298,0.604027,,,,,,,,,,,
134.242,75.3488,37.5518,44.7931,16,124.012,738.642,285,378,0.746032,,500.296,75.811,28.815,33.4395,10,103.996,472.159,,121.751,74.4512,26.4404,30.0683,10,90.927,369.5,439,676,0.64497,,281.897,76.2958,35.8837,44.1686,17,144.039,846.417,164,403,0.399504,,,,,,,,,,,
53.7452,77.6713,36.9403,43.2203,13,120.436,640.199,307,412,0.737864,,504.256,78.6025,27.3912,31.8597,10,109.175,453.985,,236.096,89.1297,30.8295,36.2,10,148.705,542.941,407,685,0.589781,,94.6978,68.4357,28.0709,34.5564,12,118.471,666.917,66,203,0.310345,,365.598,78.7024,25.911,31.2497,11,139.23,545.577,132,1288,0.100155
137.732,86.0709,42.3077,50.8494,16,170.758,866.561,284,382,0.735602,,501.293,70.7454,24.4308,29.3652,10,101.798,507.833,,181.122,82.1066,32.115,37.6649,12,120.118,565.298,420,658,0.633739,,156.918,69.9505,33.1882,40.8919,16,130.343,783.922,102,356,0.27809,,668.367,81.1237,26.2715,31.1914,10,119.599,502.825,183,1490,0.120805
124.127,80.0842,36.3039,46.4617,16,153.686,1043.5,284,365,0.769863,,500.714,68.2722,22.4548,26.6293,8,92.7111,427.18,,280.493,76.4674,26.5113,30.2995,9,102.328,384.988,420,693,0.601732,,201.774,67.8279,28.8245,34.3828,12,103.209,565.479,136,340,0.391176,,,,,,,,,,,
29.365,72.1839,34.0643,42.0522,13,149.679,813.705,284,403,0.69727,,502.529,73.106,25.3823,28.8282,10,73.3005,352.151,,223.866,78.8975,27.6579,32.6891,10,129.583,511.074,421,634,0.659306,,182.5,80.1645,33.9306,40.3408,14,145.853,655.422,123,292,0.410959,,,,,,,,,,,
55.351,71.9531,36.3449,43.8818,13,147.691,766.557,286,388,0.729381,,501.453,71.4524,25.3621,28.7114,10,75.4332,340.865,,129.386,77.7711,30.3282,35.7854,11,108.871,552.711,432,651,0.658986,,519.57,82.9807,31.1211,38.224,14,149.083,726.965,220,455,0.476923,,481.74,86.3193,26.581,32.2056,12,138.36,576.543,159,1186,0.131535
101.344,86.083,46.0466,64.2489,17,213.065,1831.76,290,400,0.7175,,500.342,75.8506,24.2471,27.2508,9,79.5372,306.016,,187.552,69.6631,26.3405,30.4905,10,82.6075,419.052,422,676,0.619822,,160.265,79.5497,28.1856,33.8544,13,116.685,578.834,117,294,0.387755,,769.268,76.4771,24.1208,28.7311,10,124.938,471.817,185,1555,0.117042
113.019,74.8876,32.3616,38.7988,13,131.85,654.931,282,378,0.738095,,502.649,78.2598,26.5181,30.6009,11,91.4895,415.164,,357.807,71.2493,24.3175,28.5234,9,96.8554,429.281,392,715,0.544056,,,,,,,,,,,,,,,,,,,,,,
155.746,82.5076,33.4251,38.5692,11,141.88,520.651,266,362,0.726519,,500.792,77.9607,24.6708,27.7165,9,77.6572,309.675,,185.374,83.3453,34.9808,41.3886,12,155.51,652.023,422,791,0.529709,,334.814,71.3316,27.5828,34.0594,13,102.98,666.537,190,403,0.46402,,437.64,73.2944,22.083,25.6791,9,96.5279,367.93,160,874,0.179634
71.7243,82.6283,36.3192,55.5925,14,212.953,1963.03,292,387,0.74677,,501.279,74.7844,26.5715,31.1844,10,104.684,469.015,,155.272,71.5128,27.0562,32.4978,10,112.549,555.995,396,694,0.566282,,118.662,69.2277,29.9475,34.906,12,100.026,506.887,95,215,0.427907,,,,,,,,,,,
86.8824,80.9858,37.3458,56.5947,14,220.525,1997.35,279,384,0.71875,,501.792,71.7389,25.8296,29.9466,9,99.8746,419.155,,154.818,78.4768,26.6829,31.3749,9,117.663,476.722,398,661,0.597579,,92.3482,72.5879,26.6787,43.8735,12,179.406,1770.65,72,127,0.543307,,,,,,,,,,,
31.825,86.2927,39.3147,45.6477,14,141.077,639.838,309,374,0.818182,,501.649,66.7053,25.1562,28.5017,10,64.3878,340.683,,125.754,74.9747,27.6725,33.2175,11,110.236,564.108,423,644,0.652174,,262.543,72.4448,35.0811,41.9338,14,151.28,702.107,161,335,0.471642,,814.868,85.4875,28.8075,34.5248,11,146.349,586.258,210,1290,0.160465
45.0243,84.3863,27.0472,43.9232,11,196.118,1693.29,283,382,0.732984,,501.872,78.9875,25.2298,28.5174,9,94.6627,334.185,,298.479,79.1648,29.3079,34.3302,11,110.622,512.564,380,676,0.557692,,390.162,76.4827,27.975,33.1835,11,113.031,529.475,202,405,0.491358,,,,,,,,,,,
101.657,83.9084,33.6666,41.4102,13,154.452,794.374,277,359,0.763231,,502.209,69.7038,24.1599,28.3576,9,93.5067,430.814,,93.5572,82.988,32.2724,38.5906,12,138.27,643.201,427,610,0.695082,,95.2078,82.0415,30.7788,36.0517,12,135.456,538.385,96,203,0.458128,,,,,,,,,,,
116.285,103.918,47.6599,57.0993,17,196.467,964.23,267,407,0.648649,,501.766,77.6707,28.2759,32.5214,10,113.625,431.126,,309.383,75.1017,24.3542,27.9665,9,88.7864,368.582,403,619,0.646204,,252.433,83.2119,30.7348,36.3679,12,156.604,575.092,170,321,0.520249,,,,,,,,,,,
47.9147,85.8944,39.1046,45.8106,13,147.352,681.874,293,408,0.710784,,501.618,67.3234,22.4195,25.0363,8,59.3396,265.908,,280.677,84.5803,31.2393,36.9219,11,131.566,575.594,415,727,0.566713,,268.285,77.845,28.1587,33.8042,13,120.861,578.555,158,402,0.385572,,710.995,67.4351,21.6133,25.6038,9,87.883,408.781,197,1631,0.118945
30.9205,76.7699,32.1785,44.8142,12,183.071,1297.62,305,425,0.710588,,502.193,68.0869,23.4523,27.0436,9,76.7596,366.732,,73.8911,77.3436,27.0783,31.5171,10,102.618,453.051,437,646,0.671827,,90.4241,74.2299,29.7801,35.5093,13,125.348,586.543,86,334,0.248503,,237.196,75.5302,26.9577,32.622,12,127.517,582.1,117,1422,0.0801688
91.067,75.6561,34.4631,39.6495,13,110.558,527.185,305,392,0.770408,,500.95,79.9747,25.9537,29.5832,9,103.461,368.549,,88.4622,73.5226,29.5125,35.1869,11,128.064,576.64,447,671,0.661699,,349.338,73.7052,31.1405,37.3831,12,136.269,638.429,182,404,0.443069,,659.118,73.1575,23.6541,28.7786,10,120.245,524.67,188,1326,0.139517
133.527,78.4241,33.156,38.3795,13,103.364,530.768,252,365,0.682192,,500.197,80.1653,26.6928,30.9296,9,112.165,429.017,,171.404,72.0517,25.3286,30.2614,9,105.476,507.62,385,757,0.504624,,207.57,76.8973,28.3201,32.9448,12,119.562,472.248,159,248,0.629032,,,,,,,,,,,
162.128,76.788,31.0214,42.0013,12,168.581,1119.89,279,357,0.773109,,501.815,71.9386,23.6329,27.6792,8,98.1235,411.574,,126.579,79.2595,30.4314,36.3313,12,123.846,602.366,415,630,0.653968,,517.214,70.5859,27.1707,33.0535,11,124.071,599.947,228,507,0.443787,,474.814,75.436,22.5703,26.8382,9,113.467,436.706,162,1227,0.129584
30.063,83.4307,44.3992,52.5883,17,155.803,834.832,293,444,0.653153,,501.623,68.3496,23.2389,26.542,8,88.2449,331.757,,249.361,79.7498,28.4737,33.5797,10,122.985,517.284,417,694,0.596542,,392.244,70.9884,27.0817,32.0518,12,113.799,507.131,216,461,0.462039,,887.357,72.72,23.2165,27.6615,11,112.714,453.889,216,1776,0.119932
55.3281,75.3816,37.3593,44.2025,13,146.116,697.273,308,403,0.756824,,500.187,74.3151,24.2122,27.8062,9,92.2901,366.239,,170.344,73.3184,28.4209,32.7283,11,88.6176,438.316,378,714,0.52521,,349.913,76.9134,25.6699,37.6181,12,149.212,1230.18,177,328,0.530488,,897.454,80.6967,26.112,30.9997,11,149.692,497.01,238,1431,0.164221
116.154,86.8517,37.7405,44.1045,13,144.128,650.494,295,356,0.820225,,502.157,72.0635,27.2281,32.0943,10,106.868,496.596,,217.709,75.1828,25.6304,29.8956,9,100.497,437.272,415,725,0.568276,,144.481,80.0734,34.2876,41.0905,13,162.077,692.354,112,262,0.416031,,,,,,,,,,,
64.0975,84.667,45.448,53.1504,16,156.545,783.76,316,360,0.869444,,500.234,76.307,26.8939,30.8806,10,96.8096,403.087,,31.3278,84.0793,29.7253,34.6422,10,130.207,502.573,453,601,0.748752,,119.43,74.8525,35.0784,41.997,16,127.273,713.838,90,249,0.349398,,,,,,,,,,,
53.8777,82.8737,40.4523,47.1207,15,134.027,683.649,296,401,0.730673,,500.469,76.6764,25.4887,29.6543,9,108.865,424.463,,207.611,76.0902,32.6191,37.9056,13,107.814,539.021,451,623,0.719101,,351.471,72.5159,25.297,38.5052,11,183.712,1352.91,188,433,0.427252,,488.784,79.937,27.3268,33.0953,11,151.98,589.189,157,1299,0.118553
194.36,77.7173,31.1384,47.4207,14,145.083,1725.83,268,353,0.750708,,500.997,74.7595,27.6719,32.4634,11,112.362,491.714,,138.084,87.2572,31.284,35.7032,11,111.591,449.633,440,674,0.648368,,208.622,70.7019,28.7764,34.8209,12,117.745,620.246,168,363,0.454545,,,,,,,,,,,
34.3735,74.976,32.8788,38.9165,13,105.983,619.055,271,423,0.63357,,502.255,74.0275,27.2065,31.1767,11,78.2854,404.747,,423.013,70.7716,26.7304,31.7574,9,115.904,512.417,381,756,0.5,,253.471,69.7486,29.9407,35.2625,12,106.065,542.03,164,312,0.516026,,,,,,,,,,,
36.1082,69.606,28.1936,33.0902,11,103.143,497.825,321,388,0.819588,,502.648,71.7332,25.5802,30.0812,10,93.2206,463.113,,174.171,81.8027,31.2126,37.0337,11,142.261,590.324,383,756,0.502646,,263.912,71.5743,27.3556,32.2786,12,102.665,501.833,171,441,0.380952,,,,,,,,,,,
42.6197,75.6801,37.3568,44.5744,14,136.966,735.127,296,398,0.736181,,501.935,67.9168,23.141,26.0229,8,67.0949,294.191,,579.961,86.8963,30.5117,35.561,11,124.313,513.388,372,755,0.488742,,555.953,84.1658,37.0414,44.4041,14,185.788,750.109,241,519,0.458574,,998.748,74.3578,24.9407,29.4758,10,117.811,464.655,221,1402,0.155492
180.456,71.302,31.6037,36.7326,13,83.6692,525.411,275,335,0.81194,,500.695,69.6671,26.1016,29.1502,11,61.4011,308.964,,151.974,79.114,26.4717,31.7227,9,135.917,532.017,437,643,0.674961,,200.378,67.1193,24.7426,28.7185,11,71.6161,405.033,147,352,0.409091,,,,,,,,,,,
39.7353,91.0373,40.3069,49.4135,14,203.812,925.884,310,399,0.769424,,502.858,69.1722,23.796,27.2074,9,78.7451,348.491,,166.763,77.4988,27.9016,32.8179,11,104.244,500.637,420,722,0.577562,,81.3171,77.5763,34.7011,40.6811,13,138.68,609.812,78,221,0.339367,,662.525,74.1689,22.2072,25.5666,9,87.2478,344.611,201,1226,0.161501
50.7842,101.855,43.8003,52.4596,15,201.421,876.82,319,378,0.835979,,500.422,73.4589,25.7308,30.213,10,98.4204,457.705,,163.983,77.0728,30.5959,36.3032,11,124.093,582.418,441,673,0.650817,,99.0607,70.0814,33.7613,40.9859,15,128.139,734.437,81,206,0.378641,,,,,,,,,,,
50.8148,95.4158,44.786,51.6696,14,171.676,699.003,294,394,0.738579,,500.694,75.2036,24.8524,28.3415,9,88.1671,357.536,,154.304,87.5673,29.9079,35.3387,10,138.246,550.552,391,731,0.53078,,258.749,71.9197,27.7503,33.7088,11,130.607,607.401,177,377,0.461538,,,,,,,,,,,
48.1953,70.8444,30.1934,35.5541,13,93.0733,546.91,287,445,0.638202,,503.376,66.9058,23.4069,26.7771,8,81.7629,340.452,,150.613,82.1117,31.6476,37.2196,11,135.656,567.182,456,640,0.707812,,99.1776,70.1945,31.5713,36.9576,14,110.387,549.669,86,303,0.273927,,810.704,75.9631,23.7749,28.5024,11,103.233,485.467,198,1406,0.138691
26.9059,77.667,33.452,41.1755,13,138.658,785.007,302,456,0.655702,,501.599,77.8088,24.9372,29.0875,9,98.1572,421.198,,377.783,69.6817,22.86,26.351,8,80.6214,352.87,399,634,0.624606,,148.564,71.6863,33.1027,39.0705,14,132.411,610.469,120,278,0.420863,,178.619,78.9462,27.8628,34.1866,11,139.375,647.436,97,825,0.113939
146.392,77.5581,35.0681,42.4661,12,161.154,752.543,289,363,0.787879,,501.686,74.8864,26.3167,30.6788,10,98.6806,445.538,,92.0987,76.6687,29.0575,34.0892,11,110.379,510.442,444,691,0.638205,,114.519,66.5053,26.3568,32.1475,12,89.0932,588.3,103,262,0.381679,,,,,,,,,,,
63.0435,85.6255,42.3427,48.3903,13,140.878,611.011,301,382,0.780105,,501.925,73.6854,26.3498,30.6162,10,91.9367,434.654,,279.245,69.6525,26.5883,31.976,11,90.6269,547.497,439,686,0.635569,,187.542,78.7225,33.0635,40.0033,14,141.878,709.294,124,439,0.275626,,,,,,,,,,,
131.396,89.6193,38.8807,46.3664,15,160.889,761.731,285,360,0.783333,,500.569,68.1858,25.5489,29.4115,9,93.2125,390.687,,216.511,72.4091,24.0374,27.8868,9,85.0276,392.693,402,626,0.63738,,486.092,72.4024,29.8734,35.3294,12,112.796,556.128,205,475,0.425263,,590.88,77.6473,23.9842,28.7711,10,140.736,488.863,196,1252,0.154153
23.7395,70.9092,31.4679,37.3853,12,121.501,604.226,279,503,0.548708,,501.62,66.9657,23.6602,26.6082,9,70.5211,302.018,,252.329,79.5673,28.1717,33.2004,10,118.915,509.705,424,718,0.586351,,233.069,74.8047,30.0088,45.8511,12,184.449,1633.22,148,349,0.415473,,,,,,,,,,,
79.5168,74.5207,39.7999,46.6019,15,131.165,697.133,286,354,0.799435,,502.156,82.1333,26.872,30.6032,10,98.64,380.418,,281.355,79.1159,27.0691,30.7109,10,89.4124,371.646,377,733,0.510232,,692.408,83.7136,31.4265,36.755,13,141.938,541.402,282,554,0.50361,,274.501,81.8814,26.5551,31.7498,11,135.538,529.835,109,1118,0.0948122
55.7652,71.5581,30.13,35.4239,13,84.603,543.454,290,426,0.673709,,503.579,69.4244,25.4496,28.41,11,58.473,303.83,,79.1612,82.4519,28.8249,34.0574,11,114.842,531.824,417,651,0.635945,,163.401,67.18,28.452,34.2716,12,102.543,593.741,114,297,0.373737,,617.023,71.5545,24.4769,30.1395,10,134.703,580.611,168,1401,0.117773
49.0828,86.6358,36.5752,42.2687,13,122.829,580.313,300,381,0.779528,,502.889,74.8211,26.2541,30.8886,9,106.34,472.938,,108.355,82.0379,30.5072,36.3458,11,133.597,592.934,439,689,0.632801,,360.915,74.0263,30.7383,36.3814,12,125.924,576.963,196,468,0.412393,,484.349,79.5531,25.4436,30.0946,10,124.381,474.69,159,1323,0.117914
87.8277,80.4775,31.7129,37.6641,11,126.639,602.986,295,362,0.80663,,501.962,71.5357,23.2681,27.2683,8,103.098,406.712,,223.454,72.3842,24.5424,29.6834,9,106.024,524.061,404,669,0.599402,,197.864,69.14,27.9171,32.4045,11,101.545,456.57,129,331,0.380665,,,,,,,,,,,
85.0094,85.1512,34.2499,50.0129,13,225.965,1622.03,303,377,0.795756,,500.379,78.7482,28.0821,32.1491,10,107.481,414.756,,129.695,70.7373,26.2231,30.5689,10,90.5196,443.7,420,693,0.601732,,122.274,73.9617,29.2082,34.5848,12,111.609,552.297,110,230,0.465217,,741.404,86.8181,27.6195,32.5702,11,133.93,506.473,180,1638,0.108059
128.574,79.1517,35.5121,41.6421,15,116.821,624.987,297,363,0.809917,,502.575,79.442,26.0296,30.5352,10,100.605,460.783,,190.409,73.4904,24.2552,28.7937,9,105.371,460.884,395,642,0.610592,,328.096,71.4643,27.0901,31.1412,11,89.8206,413.497,168,416,0.396635,,,,,,,,,,,
67.9991,89.119,39.9477,45.3932,12,145.624,551.304,273,408,0.661765,,502.951,79.2176,27.2795,31.2714,10,96.7229,406.246,,356.951,84.3304,26.9767,30.4372,9,95.5878,350.822,386,726,0.527548,,201.898,76.2501,34.64,40.8495,15,129.761,634.16,133,243,0.534979,,,,,,,,,,,
118.178,91.4136,44.3379,51.7646,16,158.447,753.734,269,414,0.642512,,501.654,80.9185,28.4658,33.3938,10,118.915,498.064,,140.15,79.867,28.5647,33.5994,10,126.244,512.345,439,667,0.653673,,91.8348,69.6001,29.863,35.6606,13,105.992,596.942,84,248,0.326613,,280.627,72.4808,26.2214,31.9472,11,126.23,586.676,131,927,0.13808
51.4778,84.4887,36.7892,42.4944,12,137.612,582.976,275,433,0.628176,,502.431,75.3219,27.8566,32.6562,10,114.611,489.024,,333.323,72.9453,24.9476,29.4866,9,99.169,460.433,391,701,0.553495,,267.53,66.6699,24.6529,41.2696,12,147.49,1652.13,175,389,0.442159,,402.605,75.5194,23.831,29.2573,10,132.183,555.009,146,1101,0.129882
77.2932,88.1438,43.4265,51.5389,16,177.463,821.749,302,395,0.756962,,500.511,77.4643,26.6197,30.5712,10,91.3024,401.69,,152.197,76.1812,26.4175,31.1179,10,105.678,480.644,431,648,0.660494,,119.547,73.0365,28.4178,34.0893,13,108.417,577.981,97,322,0.291925,,903.847,77.6321,23.2373,28.0479,9,135.32,491.385,206,1846,0.109967
45.7782,81.5293,35.5669,42.5224,13,153.489,707.551,294,420,0.692857,,503.631,74.8088,27.747,32.2111,10,102.422,453.463,,143.443,77.9405,31.9615,37.4662,12,120.46,555.891,444,667,0.661169,,221.766,80.4693,27.015,32.2657,11,139.682,539.171,150,368,0.399457,,769.855,78.7429,25.5439,30.858,11,117.77,545.645,217,1462,0.146375
95.8869,93.5987,46.5744,53.5089,16,162.557,706.127,286,379,0.746702,,501.074,73.7766,25.797,30.3869,10,95.9996,468.522,,60.422,81.21,29.8555,35.4289,10,139.446,571.635,415,625,0.6592,,305.708,68.7685,28.8105,34.9199,12,115.803,623.26,196,418,0.461722,,,,,,,,,,,
70.4649,85.9756,49.2838,57.8029,19,175.273,865.104,317,387,0.81137,,501.088,69.4167,26.5863,31.1409,11,77.2202,465.563,,298.534,76.9318,28.901,33.5619,11,106.665,472.002,410,678,0.600295,,197.694,69.7904,32.3443,37.574,14,90.3564,534.816,141,391,0.352941,,800.295,79.0616,25.827,31.5666,12,139.263,587.388,217,1486,0.144011
108.302,83.3067,32.5699,38.2158,12,127.409,570.568,295,374,0.780749,,501.963,66.9094,23.8907,27.5662,9,87.6763,374.307,,168.529,77.3116,26.9345,31.2904,10,101.005,442.252,438,634,0.68612,,372.928,77.6113,31.1304,37.4474,14,129.895,646.404,189,462,0.402597,,,,,,,,,,,
104.685,81.1689,37.4792,45.4387,14,168.964,813.427,283,370,0.756757,,503.417,73.7161,25.6901,29.227,9,88.6344,361.462,,162.834,85.0287,32.469,37.6767,12,119.778,532.028,435,666,0.648649,,117.98,82.1539,41.5138,49.0557,19,152.715,771.642,105,207,0.492754,,478.629,73.1817,23.1904,27.0243,10,95.6516,390.04,161,1167,0.13539
26.7713,75.4871,36.3978,42.6108,13,125.796,630.097,296,413,0.709443,,503.806,71.2393,23.204,26.6505,8,86.3866,347.068,,122.371,90.0245,37.924,45.1545,13,170.667,736.642,425,708,0.596045,,258.417,74.213,30.6932,37.2785,14,118.881,674.788,183,349,0.515759,,608.321,70.7875,23.2429,27.7547,10,105.646,462.648,155,1649,0.0921771
47.9232,83.213,38.5511,45.5384,13,146.692,709.801,299,429,0.689977,,501.683,71.818,22.9741,27.4937,9,92.7498,464.077,,95.9733,76.1556,29.5125,35.2262,12,123.931,579.466,452,584,0.768836,,241.892,69.2646,24.5206,41.465,11,136.029,1794.53,149,393,0.371501,,500.682,76.8935,24.571,28.9702,9,124.29,450.068,150,1232,0.119318
26.1705,71.2511,35.7439,41.6475,13,125.636,601.096,299,457,0.647702,,501.356,71.0393,27.7501,32.0986,10,92.3673,439.627,,120.184,89.2533,32.5659,38.1076,12,132.146,566.561,420,736,0.566576,,304.083,79.6079,30.6178,36.712,12,141.999,624.949,170,381,0.43832,,993.725,79.634,26.3918,31.7235,11,131.434,545.642,208,1662,0.123345
29.3829,69.4947,32.7659,37.4039,11,102.664,474.323,317,419,0.749403,,500.896,71.4496,26.8979,30.9652,9,98.3804,413.329,,404.585,73.6939,27.1991,30.755,10,75.2769,361.153,402,735,0.542857,,240.681,71.1953,28.3709,42.3886,13,154.244,1456.44,172,312,0.541667,,868.753,71.8505,22.9083,27.5657,11,118.416,472.219,219,1482,0.145749
109.299,84.3006,38.0615,44.5479,13,145.67,659.59,303,358,0.837989,,501.779,70.3649,23.7561,27.313,9,82.5728,361.328,,253.281,82.8205,27.0711,31.7041,10,107.315,473.161,433,662,0.649547,,176.872,69.5372,28.1988,33.7809,11,117.193,569.126,130,278,0.456835,,,,,,,,,,,
71.8208,77.7278,34.7171,40.9893,13,129.48,639.129,280,408,0.678922,,501.227,80.204,27.0682,30.5028,10,87.5055,350.528,,212.987,85.1638,32.0394,38.027,11,162.038,610.876,405,690,0.582609,,304.305,81.5641,32.9039,39.9318,14,143.78,721.249,182,397,0.450882,,,,,,,,,,,
100.619,83.3419,30.8811,37.4235,12,135.478,661.974,263,408,0.637255,,500.458,83.0072,28.5435,33.6047,10,122.56,510.772,,421.346,89.062,30.2882,36.0489,10,145.155,582.763,388,769,0.50065,,576.257,80.0058,31.8077,37.2388,10,137.177,552.673,261,423,0.609929,,,,,,,,,,,
78.6448,73.0014,29.8244,46.2766,12,173.902,1725.15,269,393,0.676845,,501.61,71.1601,25.8985,31.0109,10,103.424,519.631,,251.053,80.9356,29.5825,35.0166,11,135.464,554.949,425,712,0.592697,,860.926,80.5598,31.2597,37.8504,12,165.958,673.205,326,523,0.617591,,,,,,,,,,,
48.5647,80.2904,34.844,41.0752,13,131.856,636.685,315,359,0.869081,,502.272,76.9338,25.0777,29.0876,8,110.96,408.185,,154.981,74.9897,24.5055,28.0016,9,86.7437,356.849,429,640,0.665625,,189.133,81.2796,29.5572,34.5421,12,126.954,508.633,137,256,0.523438,,364.5,83.2487,25.4913,30.2771,10,159.227,487.119,143,1123,0.124666
30.9738,83.3529,32.8417,39.2531,12,124.529,652.968,280,450,0.615556,,500.991,66.9537,21.3367,24.2971,8,67.5632,301.129,,127.011,74.6509,27.6608,33.7049,10,133.019,612.318,442,608,0.722039,,112.491,69.3704,26.487,31.7505,11,103.784,534.025,92,274,0.324818,,697.41,79.3298,25.808,31.5958,11,141.63,591.904,184,1383,0.130875
43.3639,92.7096,37.3011,48.356,14,196.676,1134.45,274,430,0.630233,,501.599,73.0487,24.1063,27.7033,8,101.108,365.726,,236.638,78.9299,29.6033,34.9309,11,124.904,542.623,412,653,0.62634,,187.369,76.764,34.2745,41.1063,14,159.187,698.063,133,299,0.434783,,,,,,,,,,,
187.503,75.4393,33.1391,50.0181,14,157.075,1761.06,255,338,0.745562,,501.063,78.1702,32.9549,38.6138,13,112.428,578.93,,257.127,76.3988,29.4803,34.3913,11,111.747,500.823,434,652,0.661043,,219.261,74.2038,27.999,33.487,12,121.591,560.221,147,345,0.417391,,,,,,,,,,,
92.3612,80.0378,36.1355,43.6142,14,148.707,757.026,296,384,0.763021,,500.666,76.6661,27.4271,31.7021,10,97.3706,435.693,,62.137,82.6457,32.6811,39.0691,12,152.205,649.92,451,590,0.759322,,391.927,67.9479,32.2915,38.331,13,116.281,620.568,186,409,0.447433,,,,,,,,,,,
100.153,79.4844,34.7167,40.627,11,145.498,602.006,277,355,0.771831,,501.084,79.2571,26.2562,29.6076,9,87.3117,341.612,,697.489,83.7578,29.0711,33.3706,11,109.671,437.439,376,721,0.517337,,545.003,82.9895,34.254,40.5677,13,147.022,641.463,252,453,0.549669,,,,,,,,,,,
35.6833,86.0372,35.8781,63.7462,13,279.349,2879.48,305,382,0.790576,,501.658,75.5923,25.3909,28.9101,9,96.0361,359.939,,355.606,79.5141,31.8213,37.9524,12,134.977,626.613,413,679,0.603829,,160.679,69.2716,27.1949,31.7347,12,85.4706,464.206,114,271,0.409594,,638.545,80.2269,26.6095,32.6675,12,167.682,618.807,175,1528,0.112565
64.9059,80.1754,37.5104,46.7918,14,154.778,949.346,327,356,0.910112,,502.656,76.9612,28.7709,33.2862,10,113.532,459.694,,205.27,73.9188,30.4018,36.21,11,116.66,591.436,428,676,0.628698,,172.716,75.9712,28.5914,40.3384,14,160.837,1212.52,127,324,0.382716,,,,,,,,,,,
78.8203,85.0081,36.3048,42.9584,12,151.697,669.895,287,382,0.743455,,500.898,75.517,28.39,33.1736,10,122.224,484.655,,218.504,79.9869,30.4465,35.5081,10,129.315,514.565,393,691,0.564399,,83.072,80.4717,34.456,40.8293,14,160.059,650.062,78,215,0.348837,,316.112,74.0128,23.904,29.2893,10,140.705,551.242,114,1222,0.0908347
63.8827,74.3324,33.2949,39.5867,12,133.027,639.424,308,378,0.806878,,500.621,73.5197,25.54,30.2975,9,113.051,483.098,,205.053,77.4192,24.7263,27.9627,9,80.9893,330.586,390,727,0.532325,,168.064,68.6773,29.9977,35.0804,13,101.183,519.429,118,245,0.469388,,,,,,,,,,,
59.235,81.1513,41.1377,48.3066,15,138.24,729.766,285,416,0.677885,,502.38,70.1865,28.5017,32.9622,11,85.6141,451.245,,44.152,77.9873,32.1203,37.8906,12,122.963,587.546,449,669,0.666667,,133.096,71.567,28.9594,33.7442,12,118.587,489.596,103,350,0.285714,,667.713,84.2017,24.8292,29.1482,10,132.281,440.995,177,1547,0.112476
55.8133,90.2751,40.425,47.5989,14,167.164,730.13,282,435,0.641379,,501.016,70.042,23.9181,27.6429,9,82.8056,378.838,,111.646,81.6901,31.0389,38.873,11,167.262,797.851,438,632,0.688291,,508.987,80.099,30.5672,37.0589,12,141.887,663.58,217,548,0.390511,,492.542,71.3067,23.9421,27.9517,10,121.014,408.134,140,1430,0.0958042
99.3139,90.3084,41.562,48.1647,14,151.188,673.556,293,373,0.77748,,503.082,72.9704,22.8322,25.923,8,88.982,315.266,,173.624,79.8747,28.3838,33.8543,10,122.311,558.494,426,710,0.595775,,285.522,68.7254,22.4887,26.9019,9,109.315,451.443,138,326,0.41411,,,,,,,,,,,
84.6192,79.98,33.3045,40.4775,14,130.085,733.66,305,342,0.883041,,502.185,75.4347,26.504,31.5584,10,103.291,514.252,,96.317,76.7366,25.5401,29.7182,9,108.146,423.67,426,687,0.615721,,156.763,69.3456,27.8856,33.6294,12,122.772,589.196,109,259,0.409266,,520.525,82.391,25.8356,31.2047,11,143.289,549.002,169,1382,0.120116
133.54,74.7536,31.6121,36.9401,11,112.32,540.475,278,385,0.714286,,501.906,68.2897,24.9798,29.6893,10,86.0446,477.54,,308.627,76.3536,29.8976,35.1138,11,111.912,529.687,386,750,0.510667,,534.366,70.4106,24.6569,30.8326,12,114.78,631.249,232,560,0.408929,,,,,,,,,,,
99.7861,76.4615,30.3095,36.2523,12,111.129,604.047,284,391,0.71867,,502.204,68.9948,23.6171,27.6146,9,85.2718,408.641,,117.073,93.2247,34.1062,41.3227,12,171.117,732.831,426,639,0.661972,,291.956,73.5604,29.2961,35.332,14,104.311,617.71,167,351,0.467236,,853.062,79.7222,26.8078,32.6195,11,113.133,596.188,236,1421,0.163969
153.029,78.1102,33.1538,37.6186,12,103.607,456.676,285,345,0.817391,,502.145,74.6041,26.463,30.5812,10,90.5323,421.25,,47.8798,79.3087,26.3964,30.2399,9,97.9212,392.859,422,668,0.627246,,31.4295,69.2299,30.0453,36.2381,12,123.436,635.161,31,68,0.411765,,486.182,75.8735,25.5723,30.636,11,120.27,519.942,186,1040,0.175962
74.2511,76.2196,29.6069,60.5993,13,292.585,3183.72,285,447,0.630872,,500.623,76.2964,28.0632,32.4058,11,98.661,443.629,,46.3784,75.1721,27.5087,31.8165,10,103.349,438.7,432,623,0.688604,,43.9027,73.6819,27.602,37.4544,13,143.277,1017.39,50,200,0.235,,,,,,,,,,,
117.085,87.3057,40.6689,46.6367,13,148.871,600.737,291,358,0.804469,,501.141,76.2844,26.7763,31.4918,10,98.9405,482.477,,54.2526,88.9945,29.8586,35.7407,10,153.402,597.46,435,650,0.664615,,278.251,69.9256,26.7301,33.6534,12,107.903,711.018,168,391,0.421995,,983.013,77.461,26.2326,31.3077,11,116.031,520.316,237,1757,0.133182
80.7121,72.0193,32.2207,37.7058,12,103.019,558.846,273,417,0.647482,,500.289,80.3675,25.7319,29.9535,8,115.064,430.385,,319.496,79.842,25.3718,29.148,10,83.0738,385.66,381,658,0.574468,,931.377,75.9874,26.3657,29.8935,10,89.225,359.245,324,617,0.520259,,,,,,,,,,,
55.7078,90.477,45.4813,55.4428,17,182.51,1019.3,314,424,0.733491,,500.46,75.3964,24.6636,28.6544,9,93.8751,405.406,,133.254,71.6209,25.8538,30.8857,10,105.744,512.764,422,711,0.589311,,258.753,69.9447,26.2769,33.2072,12,115.588,708.557,142,288,0.482639,,708.535,77.7322,26.3284,31.5751,11,130.189,538.195,201,1702,0.116334
51.2641,80.2795,38.0629,44.9606,15,123.643,704.227,308,400,0.7625,,502.065,72.2319,22.346,25.6909,8,93.4872,338.912,,48.7888,83.6076,30.3783,35.5109,11,133.095,520.613,448,612,0.727124,,155.49,82.663,34.9576,40.4326,14,136.552,559.171,107,358,0.290503,,949.97,79.6526,24.6786,29.0507,11,120.012,447.249,245,1462,0.165527
72.409,78.8694,33.514,59.5203,13,256.662,2698.96,281,407,0.683047,,501,72.2297,25.4933,28.8389,10,74.9313,340.977,,384.135,78.4478,28.2763,32.7854,11,98.8076,460.095,429,680,0.626471,,206.783,71.4572,30.6498,44.039,13,150.821,1368.05,158,272,0.569853,,,,,,,,,,,
94.8278,86.0573,45.3515,52.56,16,158.146,729.084,295,396,0.737374,,502.372,79.339,29.1533,33.5322,11,111.084,445.322,,179.909,79.6925,28.4022,33.7215,11,112.351,542.325,422,656,0.63872,,261.558,70.2535,29.0444,33.8504,11,104.59,490.974,171,474,0.35443,,996.088,76.3014,23.0469,26.6178,10,94.1298,364.925,219,1624,0.133005
97.2897,79.3229,31.0486,38.1836,11,156.457,721.683,289,372,0.768817,,501.184,73.0649,25.2688,30.4876,9,109.604,530.206,,146.493,81.8198,29.599,35.8366,11,142.525,633.769,416,583,0.708405,,247.587,72.2925,28.0413,33.6727,12,124.244,576.324,178,310,0.564516,,659.028,82.1641,26.0044,30.9753,10,148.124,504.617,217,1092,0.195971
46.0273,79.6175,35.0118,41.0891,14,110.623,618.271,304,399,0.754386,,500.832,75.9661,25.7623,29.7027,9,97.5364,399.839,,181.134,78.6409,25.6614,30.7062,9,114.766,513.603,424,654,0.643731,,230.129,73.379,31.2381,37.9073,14,113.238,685.104,144,411,0.343066,,361.999,78.293,24.8518,29.2429,10,126.946,447.645,147,996,0.144578
80.6657,86.4154,35.558,41.9543,12,144.036,654.312,309,380,0.805263,,503.45,74.5264,27.2886,31.8447,11,99.191,466.937,,73.2751,92.5393,33.1279,39.3276,11,165.857,627.695,462,627,0.732057,,64.3388,75.09,32.3536,37.9911,13,118.75,574.745,53,192,0.260417,,,,,,,,,,,
95.3593,90.5183,33.5606,51.0886,12,227.729,1822.47,314,347,0.896254,,501.102,71.1237,24.5976,28.7003,9,94.4006,418.946,,86.1181,84.3646,34.4483,41.5397,13,140.499,724.528,442,596,0.736577,,391.866,81.1911,30.5219,37.6661,14,150.252,727.661,201,442,0.447964,,736.268,81.412,26.0473,31.4744,11,145.673,555.306,204,1317,0.15262
44.7218,69.1104,27.9972,32.2921,9,103.43,435.78,299,413,0.716707,,500.543,68.5516,22.5861,25.9526,8,81.1832,341.643,,243.529,80.6687,28.531,34.4815,10,135.47,605.538,430,653,0.653905,,127.663,77.6193,25.0586,30.2942,11,117.729,536.3,91,215,0.409302,,631.487,80.5133,26.3243,31.898,12,156.601,567.919,160,1674,0.0937873
27.5875,77.5214,32.8749,51.741,12,231.864,1946.57,301,461,0.646421,,500.655,76.7693,26.8522,30.825,9,104.815,404.561,,136.533,78.5511,29.7903,35.2552,11,115.661,554.732,437,612,0.70915,,361.138,75.8911,27.075,32.6694,12,97.4643,569.82,209,407,0.506143,,,,,,,,,,,
,,,,,,,,,,,,,,,,,,,,,,,,,,,,,,,,,,,,,,,,,,,,,,,,,,
,,,,,,,,,,,,,,,,,,,,,,,,,,,,,,,,,,,,,,,,,,,,,,,,,,
,,,,,,,,,,,,,,,,,,,,,,,,,,,,,,,,,,,,,,,,,,,,,,,,,,
,,,,,,,,,,,,,,,,,,,,,,,,,,,,,,,,,,,,,,,,,,,,,,,,,,
200,0,200,199,101,0,,,,,,,,,,,,,,,,,,,,,,,,,,,,,,,,,,,,,,,,,,,,,
,,,,,,,,,,,,,,,,,,,,,,,,,,,,,,,,,,,,,,,,,,,,,,,,,,
,,,,,,,,,,,,,,,,,,,,,,,,,,,,,,,,,,,,,,,,,,,,,,,,,,
,,,,,,,,,,,,,,,,,,,,,,,,,,,,,,,,,,,,,,,,,,,,,,,,,,
77.7367335,81.1255675,36.242793,44.7998615,13.275,151.311875,874.37824,292.105,389.8,0.74558621,#DIV/0!,501.61702,74.1261355,25.910896,30.0043225,9.515,95.803878,416.95504,#DIV/0!,211.098946,79.548881,28.789543,33.9176445,10.39,120.0019505,521.999815,417.685,675.335,0.61764339,#DIV/0!,246.3864779,74.46017186,30.21758141,37.2919603,12.81407035,129.7443538,725.6940452,146.2311558,347.4170854,0.40825202,#DIV/0!,639.0393465,77.15047426,24.94810396,29.89224158,10.42574257,126.0533822,505.5752178,180.8019802,1353.069307,0.133209371
,,,,,,,,,,,,,,,,,,,,,,,,,,,,,,,,,,,,,,,,,,,,,,,,,,
,,,,,,,,,,,,,,,,,,,,,,,,,,,,,,,,,,,,,,,,,,,,,,,,,,
,,,,,,,,,,,,,,,,,,,,,,,,,,,,,,,,,,,,,,,,,,,,,,,,,,
,,,,,,,,,,,,,,,,,,,,,,,,,,,,,,,,,,,,,,,,,,,,,,,,,,
,,,,,,,,,,,,,,,,,,,,,,,,,,,,,,,,,,,,,,,,,,,,,,,,,,
,,,,,,,,,,,,,,,,,,,,,,,,,,,,,,,,,,,,,,,,,,,,,,,,,,
,,,,,,,,,,,,,,,,,,,,,,,,,,,,,,,,,,,,,,,,,,,,,,,,,,
,,,,,,,,,,,,,,,,,,,,,,,,,,,,,,,,,,,,,,,,,,,,,,,,,,
,,,,,,,,,,,,,,,,,,,,,,,,,,,,,,,,,,,,,,,,,,,,,,,,,,
,,,,,,,0.74558621,0.61764339,0.40825202,0.133209371,,,,,,,,,,,,,,,,,,,,,,,,,,,,,,,,,,,,,,,,
