20.47,70.7673,25.8884,34.1239,12,110.751,836.246,132,178,0.730337,,101.026,65.1394,21.278,23.7723,8,59.3755,252.929,,14.8205,72.6289,28.0684,32.4751,10,102.863,449.528,199,257,0.774319,,70.7017,66.9457,22.3258,27.4894,11,86.3954,526.582,89,173,0.514451,,,,,,,,,,,
19.5012,69.627,26.7337,31.2559,10,96.6892,459.447,132,155,0.83871,,100.615,64.6159,20.78,23.0656,8,57.553,231.153,,15.186,66.4013,23.2748,26.5106,8,81.5645,328.648,193,276,0.699275,,13.1517,65.4564,26.7329,30.4906,9,90.6363,381.312,27,42,0.642857,,,,,,,,,,,
22.3633,65.9737,27.0104,32.2718,11,93.7633,541.326,140,149,0.926174,,100.821,70.1761,22.1791,25.5751,8,77.1271,344.952,,71.9176,67.4841,24.6069,28.8251,8,104.57,428.662,181,282,0.641844,,29.2667,69.241,31.0961,36.3279,11,111.439,536.919,48,128,0.375,,,,,,,,,,,
10.4625,80.1332,35.0644,41.1884,13,119.598,624.249,123,180,0.672222,,101.409,63.7246,20.1441,22.1424,8,48.3459,203.353,,45.3787,75.8666,27.9704,32.8714,10,116.86,497.998,191,268,0.712687,,25.3637,66.4121,26.6818,31.2711,11,99.8525,469.15,42,120,0.35,,117.426,64.9587,20.6178,24.5713,9,80.7728,405.053,99,432,0.229167
6.46261,77.5192,28.4759,33.9397,11,116.483,556.783,138,188,0.723404,,100.443,65.8065,23.3109,26.4233,9,68.7131,318.459,,36.0439,70.4015,25.4407,29.9903,9,102.932,464.13,186,266,0.699248,,29.1495,71.9608,28.8074,33.9309,12,122.812,520.759,47,115,0.408696,,186.585,73.5171,22.0028,26.3132,8,135.19,439.24,112,566,0.19788
12.861,70.1417,32.6975,38.4262,13,95.0411,588.307,148,160,0.9125,,101.014,65.3242,22.1765,25.1899,8,67.6535,308.985,,20.4506,64.219,20.1461,22.4817,7,62.1535,235.974,208,243,0.855967,,34.3931,66.7024,28.0231,32.9063,12,97.3805,499.884,58,111,0.522523,,103.827,64.4336,20.2558,23.9369,8,76.6934,377.131,86,477,0.180294
11.926,71.0364,26.3712,30.6728,10,100.328,439.225,141,160,0.86875,,100.894,64.4685,19.8279,22.4014,8,51.8427,261.875,,43.5055,65.3528,20.9796,23.5917,8,61.5386,265.301,192,268,0.716418,,89.8071,66.2988,24.6252,29.3049,10,97.3231,480.55,110,244,0.45082,,34.3641,64.9676,20.5821,24.4437,8,86.3201,396.215,48,257,0.18677
11.6187,74.168,39.6029,47.07,16,124.394,761.107,142,154,0.909091,,100.248,65.1254,20.1948,23.2303,7,70.471,310.413,,61.348,66.6747,21.5875,24.2062,8,62.7857,266.121,185,273,0.677656,,63.8337,66.2128,25.4928,30.0725,11,93.8193,466.959,75,169,0.443787,,82.4593,65.5057,20.2464,23.8501,8,80.2574,370.055,80,325,0.246154
17.1517,79.2592,32.2749,36.6651,11,108.704,450.291,127,170,0.735294,,100.817,71.0425,23.031,26.9007,8,97.4419,392.194,,28.4858,75.381,26.8672,31.1311,9,111.872,434.652,207,256,0.808594,,117.992,71.3031,25.3888,30.6308,10,130.084,534.615,135,193,0.699482,,186.299,68.8325,20.2206,24.0072,8,100.791,387.523,125,420,0.297619
17.7256,74.9791,31.1352,42.4327,13,152.35,1160.28,138,155,0.877419,,101.604,67.6788,19.8358,22.626,7,65.7426,284.71,,85.1592,72.9833,22.5368,25.5218,8,84.6559,303.109,183,281,0.651246,,54.1544,67.4295,25.1126,28.8095,8,96.5878,377.744,76,164,0.463415,,,,,,,,,,,
28.4523,70.4298,24.3837,28.7038,9,94.7585,438.219,128,170,0.741176,,100.322,71.7148,22.9622,26.936,8,91.4584,400.85,,36.784,65.5559,20.373,22.7623,7,69.2286,242.786,193,294,0.656463,,26.4959,65.175,21.0351,25.1049,9,82.0773,414.396,50,98,0.510204,,159.793,70.6614,21.4429,24.4132,9,89.8711,302.993,118,430,0.274419
10.6565,70.2106,27.9496,32.8212,10,99.9165,491.349,131,167,0.772455,,101.873,65.7948,20.1827,22.7997,7,64.79,267.503,,46.1782,70.6207,24.2965,29.3273,9,103.294,516.24,185,266,0.695489,,38.0339,70.3235,28.7191,33.4691,11,107.479,484.289,44,80,0.55,,149.188,66.4597,20.0585,23.2951,8,83.732,331.574,104,491,0.211813
20.2359,65.2928,28.5241,32.8679,11,76.8286,443.994,139,145,0.944828,,100.528,63.4848,19.7924,21.8755,7,53.2394,212.506,,27.5445,63.5483,21.8318,24.3148,8,59.7362,252.243,186,273,0.681319,,121.676,67.6542,22.6591,26.613,9,89.8296,404.756,124,248,0.5,,,,,,,,,,,
6.61446,72.2755,23.9638,27.722,8,101.592,383.279,134,179,0.73743,,100.368,66.033,21.3953,24.1203,8,64.2806,278.737,,82.1275,66.1546,20.8582,23.6387,7,73.1248,283.325,190,299,0.635452,,25.1965,67.1613,29.6419,35.9747,12,115.037,650.38,48,117,0.410256,,100.673,65.1834,22.4259,27.6772,9,104.063,539.627,85,429,0.198135
13.7693,77.7476,31.1856,36.4025,12,110.295,530.989,140,151,0.913907,,100.503,65.3453,20.2116,22.5164,7,60.1478,233.461,,50.795,64.3803,20.1202,22.8128,7,73.7341,275.427,184,266,0.691729,,19.7381,65.8977,24.6797,29.111,10,84.1653,454.091,35,78,0.448718,,172.095,66.3402,20.3544,24.2844,9,96.7623,401.849,115,472,0.243644
12.8586,76.5519,28.5034,73.8332,11,420.229,4656.56,128,172,0.732558,,100.708,66.471,19.3414,21.7507,7,68.4642,244.227,,24.9396,73.3187,26.4207,30.5366,10,100.273,417.666,207,255,0.811765,,62.2097,66.7368,24.3586,29.5984,9,120.616,531.964,80,189,0.42328,,16.5646,72.113,24.4886,29.62,9,146.162,523.421,36,175,0.205714
11.9858,81.3547,42.1045,49.8177,15,156.033,787.175,136,164,0.817073,,100.577,69.7173,21.0205,24.7341,7,95.5462,378.618,,46.9281,67.158,23.5606,27.4296,8,101.102,392.834,192,261,0.735632,,14.3019,69.4523,25.2442,30.0489,10,95.4671,489.812,25,85,0.294118,,93.8444,71.7547,23.4357,27.9477,9,129.874,461.493,80,408,0.196078
22.3025,79.4477,31.6127,37.7653,11,135.346,622.65,134,170,0.776471,,100.139,65.6237,21.5316,24.616,8,72.7779,315.089,,48.5242,67.2145,22.2782,25.0634,8,69.5581,282.438,198,268,0.738806,,34.8325,66.4504,24.4878,34.3723,10,133.221,1041.23,54,163,0.331288,,128.28,66.2199,21.6558,25.6169,9,93.0629,405.787,103,482,0.213693
64.5026,73.0362,30.218,36.1155,13,102.976,602.52,127,144,0.868056,,100.634,71.4296,27.4803,32.5124,11,96.6088,514.61,,32.8679,68.5467,22.4225,25.2367,8,71.9073,284.613,193,271,0.712177,,9.32754,67.6039,27.3011,31.8192,10,102.002,462.586,22,37,0.594595,,11.2694,68.0804,21.1361,25.496,8,106.964,445.846,27,167,0.161677
25.6038,83.5611,36.5356,43.9352,13,142.738,753.146,136,137,0.978102,,100.975,65.2864,20.8143,24.2661,7,86.6234,351.156,,23.0618,71.1099,21.6748,24.7934,7,85.2537,314.834,195,284,0.68662,,33.6343,65.6132,23.6068,28.8418,11,86.7102,536.489,56,126,0.444444,,65.1447,64.191,19.8624,23.1554,8,79.7669,335.992,77,369,0.208672
15.5838,68.1007,27.813,32.2803,10,95.1249,458.049,127,182,0.686813,,100.518,64.739,22.6043,25.8309,8,75.9916,330.344,,64.8079,71.442,21.8949,24.9407,7,83.917,309.271,190,276,0.688406,,9.88765,69.2924,28.0628,35.076,13,123.796,720.435,23,41,0.560976,,,,,,,,,,,
20.3741,72.3443,33.2449,37.4453,13,92.5025,427.495,131,154,0.837662,,100.489,67.8597,22.1792,25.1012,8,73.0204,296.853,,51.4326,75.3318,24.9963,28.8305,9,100.602,389.261,181,271,0.667897,,43.1635,67.7408,28.4779,34.7715,12,125.533,642.371,59,154,0.383117,,31.5353,66.8525,21.4091,25.6245,9,99.0751,431.536,46,213,0.215962
11.425,71.4683,29.2406,34.2249,11,98.472,507.542,141,153,0.908497,,101.68,71.8031,22.7591,26.0632,8,89.2496,334.382,,22.7084,72.9706,25.3969,30.1321,9,105.583,483.532,202,237,0.852321,,42.9979,64.911,23.9679,28.0785,9,87.2073,421.009,67,108,0.62037,,,,,,,,,,,
18.4279,73.0925,31.2596,37.4962,12,125.733,637.094,132,156,0.833333,,100.432,73.7847,25.304,29.6798,9,102.295,445.469,,45.1598,69.5048,23.1972,27.4416,8,102.126,431.684,186,252,0.738095,,78.646,63.581,20.3267,24.5163,8,85.6939,426.58,98,173,0.566474,,,,,,,,,,,
16.1209,67.4974,23.9594,33.1294,10,112.493,916.729,134,153,0.862745,,100.142,64.5856,19.4623,21.6939,7,54.8531,226.438,,53.6932,65.8803,22.3155,25.0751,8,66.9837,282.441,188,289,0.650519,,71.7426,68.5332,25.1368,47.0274,12,173.194,2239.54,83,200,0.415,,33.3831,67.1476,20.2685,24.1294,8,89.2331,396.234,46,194,0.237113
32.2328,82.3747,35.3338,40.9685,12,130.56,567.026,134,149,0.885906,,100.357,66.4307,21.8593,25.2405,8,75.3689,343.479,,38.217,79.6809,25.4112,29.59,8,115.234,423.99,185,248,0.745968,,37.7249,66.5188,25.3233,29.515,12,74.0606,430.267,54,121,0.446281,,105.928,65.4918,20.21,24.0159,9,80.529,390.779,95,390,0.24359
9.33097,72.5603,30.9725,47.3892,11,167.137,1681.5,133,159,0.823899,,100.452,65.337,21.1134,24.0134,8,72.9157,294.52,,31.2816,70.2293,22.9341,26.4088,7,97.1095,353.51,192,259,0.741313,,35.5844,63.4589,23.9139,28.0443,9,85.2408,422.108,58,97,0.597938,,156.879,64.6932,19.9943,23.5573,8,71.3211,364.8,112,487,0.229979
15.7678,79.6131,34.186,40.8265,14,130.11,675.368,128,160,0.7875,,100.997,64.9442,20.103,22.5589,7,69.0934,251.529,,41.3947,66.867,21.3111,24.3975,7,87.947,310.92,190,297,0.639731,,35.2898,64.3015,24.3691,28.365,9,98.1287,407.859,56,152,0.368421,,94.5963,65.9465,21.2912,25.9899,8,104.709,481.413,88,361,0.243767
31.2782,72.6475,30.7618,35.2826,11,98.3252,460.805,135,142,0.93662,,100.287,66.3924,19.9773,22.5488,7,68.4444,261.849,,45.8137,64.0534,19.9419,22.1937,7,61.5924,227.931,182,232,0.784483,,15.1375,70.1362,27.9374,34.1435,12,113.512,630.631,28,80,0.35,,,,,,,,,,,
10.8581,64.4,23.2821,26.7548,8,78.9367,353.333,133,172,0.761628,,101.34,62.6835,17.458,19.2379,6,48.7681,181.07,,47.3408,69.6926,21.6718,25.143,8,78.301,351.327,187,288,0.649306,,26.6969,68.2473,27.3445,33.0071,13,97.9217,581.291,49,107,0.457944,,152.725,65.6823,21.5533,25.98,9,99.1144,453.281,98,460,0.213043
13.4204,66.0926,23.3048,38.8018,9,163.661,1597.49,139,160,0.85625,,100.895,72.7364,21.4806,24.8348,7,90.3239,340.085,,54.2264,71.4696,25.0351,29.7219,9,106.796,479.117,191,259,0.737452,,23.2543,66.1171,27.6965,33.5679,13,105.504,597.488,44,95,0.463158,,32.9355,64.9793,20.59,24.5076,8,84.3886,401.301,49,236,0.207627
34.1561,67.4369,29.3833,41.0171,13,133.904,1194.22,133,157,0.834395,,101.265,69.1968,23.8014,33.3453,10,102.075,979.197,,46.312,65.0303,19.7328,22.4348,7,66.8919,273.712,192,254,0.755906,,22.0991,68.3507,28.5539,32.2858,11,107.133,378.92,41,89,0.460674,,106.49,65.7961,23.3472,27.9199,10,98.9538,469.186,93,343,0.271137
30.7709,69.1839,29.6254,33.9589,11,86.7311,441.55,127,166,0.753012,,100.525,64.3538,22.3608,25.8276,7,97.6419,350.506,,37.741,71.9529,22.2282,26.2715,8,96.4059,415.45,192,272,0.705882,,29.7789,71.596,27.4902,31.7511,11,102.246,437.427,53,147,0.360544,,,,,,,,,,,
13.5099,67.8564,28.5026,33.43,10,105.07,501.186,132,168,0.77381,,100.612,65.5334,20.848,23.7928,7,80.854,300.158,,32.8294,64.3903,20.5683,23.2031,7,74.9762,265.875,192,259,0.741313,,63.5707,68.5886,24.9856,30.0578,10,102.73,516.496,87,228,0.381579,,45.5217,67.1024,21.2833,25.0827,9,98.2412,388.554,54,286,0.188811
8.54683,72.1148,31.5896,44.2237,11,196.694,1267.11,139,153,0.895425,,101.609,65.8748,21.1877,24.3786,8,70.6009,326.016,,91.9023,69.8425,22.9154,26.4854,8,98.7484,364.265,178,288,0.618056,,72.8099,67.1037,21.8381,25.6711,9,88.2105,390.319,91,159,0.572327,,37.9206,66.1977,19.5726,23.8098,7,95.0961,433.344,58,233,0.248927
8.8422,78.6554,35.2432,44.2623,16,123.329,931.46,133,174,0.752874,,101.339,68.7832,21.3138,24.2401,7,86.4829,297.415,,13.0344,63.7997,22.3833,25.797,8,82.7804,347.31,193,264,0.731061,,50.0765,65.8418,26.1036,29.6421,11,72.7673,360.62,77,129,0.596899,,175.823,66.5645,20.3598,23.9202,9,83.8057,363.7,114,457,0.249453
6.01979,72.907,29.5471,34.8361,11,103.078,540.235,128,160,0.7875,,100.368,66.3218,23.1247,26.386,8,76.914,334.111,,34.4672,62.9532,20.0634,22.1931,7,56.674,216.98,192,256,0.75,,16.0746,66.0346,29.4948,34.4217,12,95.5746,503.376,27,113,0.238938,,100.735,66.0004,20.292,24.328,8,88.9017,414.233,85,419,0.202864
12.8314,71.3042,25.7599,29.9456,10,82.3976,428.707,141,173,0.803468,,101.04,63.8457,20.1206,22.5349,7,59.347,246.267,,31.4915,70.7143,24.5788,28.8093,9,99.7857,432.001,199,272,0.731618,,88.7073,67.6712,28.4083,33.6254,12,109.898,531.984,108,226,0.477876,,177.421,66.9954,22.7276,27.1976,9,101.19,455.872,115,621,0.185185
7.89439,81.0646,29.7432,34.228,10,113.877,453.807,134,164,0.804878,,100.239,63.5384,18.8525,20.7806,7,51.2986,196.992,,55.7318,65.7324,22.6603,26.3737,8,84.2676,379.044,177,260,0.680769,,23.3806,68.6148,24.1415,40.6262,10,160.981,1726.26,44,113,0.389381,,,,,,,,,,,
16.4313,70.515,29.5412,34.6725,10,123.927,521.576,140,169,0.816568,,100.454,70.7666,20.2845,23.8167,6,106.322,357.585,,49.2101,63.0909,21.2862,23.342,8,42.0403,209.454,191,261,0.731801,,44.0086,67.3866,25.9515,30.8469,12,83.5871,501.431,51,123,0.414634,,64.815,69.2898,20.6485,24.5491,8,95.8221,399.714,70,324,0.216049
15.6074,67.7789,30.718,34.8644,10,96.9635,418.163,141,156,0.891026,,100.591,63.5831,20.6654,23.3181,7,70.9211,270.342,,13.113,65.3443,20.7738,23.8465,7,82.5874,311.911,203,250,0.812,,39.0786,72.6283,23.395,28.129,10,95.0244,485.435,58,173,0.33526,,178.698,64.0657,20.3678,24.0968,8,77.7053,381.688,122,464,0.262931
20.4032,76.29,30.0037,34.4874,11,103.2,452.927,119,174,0.672414,,100.347,64.0592,19.4065,21.7989,7,61.0799,243.702,,11.5435,66.36,22.5598,26.2089,8,83.1264,372.547,197,239,0.824268,,17.2278,65.4035,24.5399,43.5196,12,164.532,1997.1,33,69,0.478261,,193.534,64.0103,19.5835,23.0391,8,75.839,354.013,122,446,0.273543
14.2481,91.7626,37.0357,47.1764,13,164.206,1020.1,138,148,0.918919,,100.488,63.3323,19.5028,21.5217,7,46.517,204.859,,37.5196,68.47,23.5887,27.4517,8,91.3711,394.83,188,271,0.693727,,24.7906,70.6011,30.5016,35.8855,13,111.287,546.988,47,92,0.51087,,44.4562,65.144,19.2609,23.0084,7,95.1739,382.713,55,268,0.205224
13.0612,80.239,32.5045,37.7874,11,121.592,539.282,138,149,0.912752,,100.386,66.1637,19.9099,23.0011,7,71.5902,312.829,,45.6566,63.8096,20.2193,22.5289,7,59.3437,236.847,190,270,0.703704,,14.9166,66.2183,25.2469,51.4567,13,224.109,2718.14,34,86,0.395349,,,,,,,,,,,
28.9892,71.2904,33.693,40.0865,14,111.405,652.475,120,146,0.808219,,100.346,67.9529,22.6221,26.2184,8,84.7426,362.023,,59.0234,70.0131,24.4476,28.7383,9,93.4111,435.454,192,250,0.768,,38.7719,69.7505,31.3484,38.9299,13,116.635,787.731,64,133,0.481203,,37.2172,67.2539,22.1897,26.7265,10,91.6584,466.617,53,254,0.208661
22.351,66.3427,25.334,32.9706,10,101.309,773.16,127,154,0.811688,,100.696,63.2586,20.2284,22.6334,7,63.0584,244.707,,21.8567,63.4723,20.8188,23.5134,7,70.4681,272.284,189,267,0.707865,,52.757,72.7395,28.9267,34.4903,10,116.561,567.924,79,125,0.632,,35.8222,64.9603,19.192,22.757,8,82.2401,366.23,45,222,0.202703
9.17703,68.8429,24.1066,45.4862,10,209.426,2212.27,136,177,0.757062,,100.76,71.1681,22.8672,26.5379,8,92.3731,373.205,,28.0059,72.1173,24.9194,29.3993,8,119.747,452.802,187,293,0.638225,,18.2186,69.871,30.3063,35.5848,11,130.329,537.893,33,94,0.351064,,78.9618,63.5499,19.7994,23.1723,9,70.8168,346.161,77,295,0.261017
17.1448,71.079,28.5492,32.6003,10,96.246,409.637,124,167,0.730539,,100.209,69.2732,23.5667,27.1657,8,94.6892,365.826,,102.317,69.3877,23.257,27.0379,8,90.1563,383.409,185,279,0.663082,,51.4828,67.5404,22.8707,27.1098,9,104.526,433.019,75,147,0.510204,,165.911,64.6647,21.1435,24.8216,9,66.2058,376.367,110,493,0.223124
26.87,68.3531,26.092,30.9956,11,82.9828,502.185,129,159,0.798742,,101.051,67.9619,22.4374,25.3306,9,61.9218,294.457,,24.2246,71.271,23.4857,27.7315,9,97.1316,430.662,183,251,0.729084,,97.6533,70.5965,26.8021,30.9228,11,100.112,418.893,105,172,0.610465,,,,,,,,,,,
26.8557,83.2888,33.1324,38.757,12,129.153,568.694,133,150,0.873333,,100.27,65.8568,22.2129,25.4241,8,87.6997,326.47,,62.9451,65.9544,21.7325,25.5374,8,74.9454,387.507,183,269,0.680297,,69.6902,67.299,23.9863,28.4995,10,89.9617,460.286,88,166,0.53012,,,,,,,,,,,
26.0158,68.1072,30.309,35.1921,12,94.472,496.637,128,164,0.768293,,101.076,64.8589,22.0122,25.3422,8,74.3743,336.627,,57.9063,65.2389,21.2214,24.1464,8,64.3674,297.185,173,285,0.607018,,89.8969,65.9159,23.9132,28.4833,10,93.1433,469.01,107,156,0.685897,,133.027,65.5884,19.072,22.8803,8,81.2239,391.674,99,498,0.198795
10.1054,68.786,29.0768,34.5074,11,109.631,546.84,134,152,0.868421,,100.217,66.0856,20.6888,23.4446,7,76.071,281.203,,117.664,68.7904,20.8634,23.919,7,76.9255,308.71,179,271,0.660517,,35.8166,69.5194,26.4232,30.9849,10,104.214,466.436,58,111,0.522523,,,,,,,,,,,
24.7716,69.2834,27.5699,32.2582,10,94.7342,476.778,134,141,0.93617,,100.238,63.9403,19.5216,21.7676,7,52.8729,227.933,,53.5599,64.4908,20.8162,23.8132,7,83.2388,305.139,178,269,0.66171,,37.4316,65.1468,26.072,30.9897,10,107.827,505.126,63,112,0.5625,,198.393,64.3536,19.9237,22.9908,8,74.6187,313.714,123,469,0.26226
19.2277,73.5346,32.7419,38.2564,13,104.588,563.489,140,159,0.867925,,101.249,70.9573,23.5317,27.0123,8,94.9144,354.157,,110,68.7271,20.622,23.5761,7,85.4035,299.581,174,286,0.608392,,10.1628,70.2214,24.6102,29.3357,10,106.722,479.881,25,62,0.403226,,58.292,64.4018,19.5489,23.0664,8,79.953,360.301,64,329,0.194529
12.9186,71.705,27.0142,30.9632,9,111.099,402.261,138,156,0.871795,,100.965,64.8086,18.6765,21.2538,6,71.3323,261.266,,42.2176,72.4267,23.9448,27.814,8,101.564,393.496,196,267,0.734082,,67.1513,70.3525,27.3453,32.7005,11,110.059,544.352,96,193,0.497409,,80.4095,68.0828,20.5544,23.9144,8,76.3121,343.397,80,357,0.22409
13.335,75.5268,40.1858,47.2713,15,141.609,725.74,125,155,0.793548,,100.294,66.1584,20.4498,23.2161,7,71.4706,282.919,,25.5394,64.8231,19.5707,22.7751,7,74.8617,324.72,182,276,0.65942,,35.8061,66.1395,26.4377,30.4843,11,87.9473,414.909,59,112,0.526786,,,,,,,,,,,
27.6062,84.8472,34.7344,40.9794,12,149.206,637.921,131,139,0.928058,,100.714,66.5784,24.7581,28.7139,9,91.4497,402.039,,74.3159,70.6683,24.3187,28.1668,9,90.4652,391.004,196,245,0.8,,35.178,64.9408,29.5504,35.5427,13,95.4122,611.526,51,126,0.404762,,182.222,65.1107,19.0968,22.6106,7,76.7445,361.234,122,591,0.20643
9.23924,73.8965,32.9897,37.3519,11,93.5702,445.749,125,176,0.698864,,100.197,64.299,20.3419,23.1236,7,62.5508,281.687,,40.6383,73.2062,25.8427,29.7829,10,94.0216,399.131,176,260,0.676923,,41.2932,67.2344,25.6257,30.6257,10,112.698,510.526,58,112,0.517857,,119.836,63.8363,19.2267,22.1782,8,61.2908,303.414,100,489,0.204499
8.00933,71.4974,28.5819,41.5062,11,145.354,1309.49,133,181,0.723757,,100.895,65.8004,18.7842,21.4636,6,75.8629,272.75,,69.1794,65.5101,19.8267,22.6134,7,69.9805,283.982,189,296,0.638514,,21.3209,64.3626,25.4441,29.9815,10,102.006,461.348,39,132,0.295455,,156.349,73.953,22.397,26.4667,9,106.699,417.313,106,598,0.177258
22.094,70.6655,23.9391,37.9864,9,147.653,1460.2,126,151,0.821192,,100.973,67.3777,20.3882,23.4598,7,84.8123,310.721,,51.3643,71.0089,25.3717,30.0333,10,96.2868,476.24,185,295,0.627119,,30.7289,67.8557,25.1932,30.4863,10,94.8223,543.591,53,67,0.791045,,,,,,,,,,,
26.3811,70.186,26.4415,31.3008,10,96.6431,488.409,133,165,0.793939,,100.237,65.6366,21.4211,24.4129,8,68.4369,303.527,,41.3946,64.9555,21.6547,24.8716,7,86.9243,328.33,192,270,0.711111,,61.011,69.1599,30.0845,36.228,13,114.109,621.084,76,173,0.439306,,44.1522,67.6454,21.0223,25.225,8,113.601,429.049,58,365,0.158904
9.04643,66.9449,21.7694,32.2906,9,134.14,1085.27,124,180,0.677778,,100.562,73.7083,22.8518,26.4957,8,96.9324,371.427,,48.6036,65.2525,22.793,26.6351,8,84.6631,391.127,197,263,0.749049,,30.4782,66.2957,26.0389,35.3473,11,118.462,963.263,55,116,0.474138,,190.84,62.7397,19.0424,22.8615,7,71.8701,392.041,132,449,0.293987
39.9727,64.2523,24.8637,29.494,9,96.343,469.36,132,149,0.872483,,100.871,64.3107,21.4192,24.6191,8,68.3481,325.366,,34.7234,65.5298,20.9891,23.7998,7,73.7116,284.47,190,295,0.644068,,30.9618,68.3534,25.6712,38.551,12,136.866,1343.73,48,144,0.333333,,,,,,,,,,,
12.0293,65.8853,23.5295,30.2931,9,109.091,687.176,136,162,0.82716,,100.561,67.5706,19.9271,22.6043,7,66.9857,273.276,,14.3749,74.385,25.2598,28.9724,9,95.7122,377.671,198,277,0.714801,,77.7579,70.2131,25.3315,29.9614,10,112.091,468.011,80,202,0.39604,,107.118,66.4978,19.4366,23.4098,8,100.406,407.418,93,366,0.254098
28.4552,67.1689,25.3402,38.2673,9,176.968,1312.02,133,156,0.839744,,101.109,66.581,22.0692,25.0445,8,76.9697,303.79,,17.0749,64.3705,21.7411,24.5096,8,63.6249,279.979,186,244,0.762295,,63.0967,64.4321,23.5679,28.9466,11,80.3789,551.566,81,185,0.437838,,,,,,,,,,,
23.6077,74.6884,29.0474,34.5102,10,114.851,559.117,130,160,0.8,,100.199,71.2345,22.424,25.8452,8,86.0211,346.926,,33.7306,65.5006,21.3268,24.1721,7,78.5705,290.208,183,265,0.690566,,25.3596,65.6235,25.8388,30.4377,11,90.3549,469.44,46,101,0.455446,,,,,,,,,,,
31.0907,79.1115,29.1096,33.5035,9,121.843,446.494,135,142,0.93662,,101.163,67.1786,21.6595,24.2174,8,60.423,260.073,,22.6181,70.6563,24.5329,29.151,9,101.973,471.171,197,254,0.775591,,45.2996,72.9428,30.3979,36.7915,13,126.777,654.354,71,178,0.398876,,146.771,67.7841,20.4875,24.4822,8,97.9554,407.928,105,504,0.208333
33.2731,72.2666,29.1771,34.35,11,118.382,527.66,122,147,0.816327,,100.596,64.1645,19.2537,21.5628,7,60.4652,234.967,,45.4532,72.2069,25.2218,29.2602,8,112.257,410.721,192,271,0.708487,,78.9449,71.7902,30.841,37.2342,14,124.939,648.308,95,200,0.475,,150.302,69.6163,21.063,24.9122,9,97.9842,393.864,115,409,0.281174
14.1519,80.817,31.9016,36.7021,11,127.029,483.684,128,169,0.745562,,101.523,65.1768,19.0067,21.4518,6,69.2017,248.638,,50.7659,65.379,21.7883,25.0748,8,83.3582,334.048,173,293,0.590444,,50.6429,66.2739,25.3774,29.1614,10,79.083,388.342,68,144,0.472222,,118.25,67.89,20.7251,24.5506,8,91.6778,391.226,97,438,0.221461
25.3532,70.5446,27.3343,42.298,12,168.657,1529.31,136,162,0.82716,,100.695,70.2841,25.3613,39.1667,10,156.284,1410.16,,44.8692,64.5909,20.7275,23.3677,8,57.3061,269.947,190,243,0.781893,,27.9341,68.3678,26.0455,31.081,11,104.421,513.725,48,85,0.564706,,69.2911,65.8293,20.1409,23.73,8,76.0899,367.739,68,337,0.20178
17.5177,66.4204,22.487,27.6667,11,88.8024,530.178,123,164,0.737805,,101.313,63.6267,19.2012,21.4152,7,47.1076,226.545,,23.4123,68.6678,20.6335,24.062,7,89.7837,352.171,183,255,0.717647,,65.4864,69.4512,27.5643,32.397,11,109.578,491.387,96,149,0.644295,,64.122,63.5966,18.6492,21.7903,8,66.6413,322.343,76,231,0.329004
37.4243,86.8855,37.9364,44.3507,13,152.697,650.703,130,143,0.895105,,100.262,68.7306,21.5865,24.9716,7,90.9458,343.878,,30.997,66.6593,22.6238,25.8444,8,79.8301,329.378,194,237,0.818565,,64.9898,67.4877,23.9716,28.2285,10,110.997,434.577,79,146,0.541096,,137.045,72.324,25.6778,30.8547,11,123.602,530.411,119,407,0.292383
19.7892,67.4796,32.3505,37.4048,12,113.245,512.461,132,158,0.822785,,100.242,66.3223,20.7745,23.2181,8,65.6073,248.705,,52.071,64.9809,21.585,24.3467,8,67.862,279.965,199,258,0.771318,,16.1068,64.651,26.9304,32.7843,11,114.297,597.856,26,88,0.295455,,90.724,68.2469,21.3047,25.2314,8,107.412,400.682,81,402,0.201493
11.295,74.1789,32.3582,38.554,13,107.906,632.557,134,186,0.709677,,100.876,64.2553,21.3187,24.7248,7,88.6369,345.725,,165.611,68.785,25.1502,29.659,9,97.3956,458.945,175,283,0.618375,,44.193,69.1719,28.4744,33.9937,12,118.429,558.859,59,140,0.421429,,170.053,65.3554,19.9727,23.7409,8,93.1258,384.859,122,434,0.281106
29.2755,73.1277,33.061,41.7798,14,114.944,902.479,135,144,0.923611,,101.239,70.5047,22.5248,26.2534,8,96.759,379.519,,15.3313,71.1799,26.0692,30.769,9,108.832,476.84,188,257,0.731518,,37.7482,65.7098,23.7067,28.0089,10,88.76,437.307,61,118,0.516949,,144.826,66.7154,21.2284,25.049,9,86.8917,391.289,118,352,0.335227
31.4068,69.3691,36.0486,41.7397,13,111.953,580.072,143,147,0.959184,,101.262,66.8243,21.6307,25.4324,7,101.941,386.118,,38.9906,68.4677,24.3515,27.8609,8,88.3132,355.779,192,276,0.695652,,20.7069,67.4399,22.7847,26.7743,9,92.4488,407.763,34,83,0.409639,,,,,,,,,,,
14.9004,85.8524,32.3054,45.0708,12,212.442,1295.61,131,189,0.68254,,100.398,67.9295,21.6989,24.979,8,79.9178,335.699,,45.8325,68.5453,23.8503,27.6537,8,91.7823,387.333,190,278,0.683453,,20.6076,68.4592,29.3269,35.2379,13,108.813,604.828,46,114,0.403509,,109.832,66.0366,21.989,26.2675,9,93.3211,438.781,77,555,0.138739
19.8071,70.7163,25.4848,29.3674,9,98.1437,393.355,130,154,0.831169,,100.733,65.3805,19.9633,22.1729,7,56.5151,223.433,,37.895,76.892,27.0947,31.9701,9,116.881,495.875,196,264,0.742424,,32.1378,68.6538,26.1143,29.8196,10,90.5593,378.37,46,102,0.45098,,62.7635,65.8706,20.4695,24.504,8,91.3229,413.568,71,287,0.247387
19.3043,79.8555,30.8915,35.8237,11,120.995,495.592,138,159,0.855346,,100.584,67.9566,21.9611,24.616,8,68.2249,269.93,,21.8602,69.4661,22.2142,25.7348,7,100.511,358.717,192,255,0.752941,,74.2147,68.544,25.4917,29.6512,10,109.499,424.432,94,238,0.394958,,103.866,67.7998,20.8607,25.1574,8,99.1235,438.916,97,465,0.208602
11.0266,80.0308,27.9163,32.1421,10,101.612,428.825,131,189,0.68254,,100.117,64.6893,20.0637,22.6835,7,60.6906,265.513,,63.4419,67.1834,20.104,22.8337,7,72.2039,278.8,189,309,0.61165,,67.2404,66.5572,26.7751,31.9499,11,100.294,525.297,93,156,0.596154,,167.224,69.6232,23.0106,27.9897,9,116.649,505.864,122,437,0.279176
29.1598,69.5321,25.9987,30.3412,9,106.657,443.517,127,164,0.762195,,100.202,63.3897,19.4602,21.6856,7,53.5407,226.21,,66.3372,75.6309,24.8159,28.8517,8,113.061,408.92,189,291,0.649485,,48.8276,66.2703,23.2187,28.1771,9,106.221,506.951,57,176,0.323864,,104.432,69.7027,22.6605,27.0629,9,98.9337,451.255,100,428,0.233645
10.4156,71.3556,33.5869,38.1757,11,97.9889,467.468,131,176,0.732955,,100.267,70.1595,24.7418,28.7865,9,98.1326,412.056,,4.23584,69.8574,23.2084,26.7154,8,84.4396,359.202,197,250,0.788,,67.8622,66.8127,23.9875,28.1486,9,96.2101,426.071,93,171,0.54386,,142.824,67.6853,21.68,26.7202,8,102.68,516.844,109,509,0.214145
20.0866,72.7924,26.1881,30.0133,10,87.2159,389.475,139,162,0.845679,,101.035,71.7792,24.2854,27.4704,9,84.8512,323.082,,39.007,66.9738,20.1552,23.039,7,79.5106,292.752,190,269,0.70632,,46.805,65.3164,22.8969,28.731,9,111.247,594.888,66,145,0.455172,,,,,,,,,,,
18.3877,70.1924,22.0744,29.9378,8,112.668,806.673,129,172,0.738372,,100.391,63.5485,19.8252,22.0444,7,56.7245,225.444,,17.5176,68.8642,21.8427,26.3741,8,93.3137,462.917,198,258,0.767442,,46.1542,66.8176,26.8184,32.8409,13,96.9306,619.408,73,140,0.521429,,112.957,69.2075,21.205,24.6125,8,86.7184,349.49,94,480,0.195833
28.7974,64.4108,24.9316,28.4859,9,82.6885,361.421,140,140,0.985714,,101.244,68.5086,21.4681,24.7884,7,85.2684,337.997,,26.1789,67.8029,21.8664,25.1639,8,78.1136,337.024,198,252,0.785714,,66.4509,68.1851,22.9221,26.8781,9,96.6442,406.648,92,155,0.593548,,124.748,65.3691,20.7277,24.383,9,87.4347,373.105,103,387,0.26615
7.65189,72.3522,34.2318,40.0297,13,123.592,587.224,139,168,0.815476,,100.679,65.7321,21.4189,24.3575,7,82.6434,296.745,,31.7772,77.2174,26.4033,31.4821,9,128.668,515.822,195,281,0.69395,,58.1191,65.645,25.6007,30.8015,11,94.7665,531.637,84,153,0.54902,,37.4099,65.3114,20.4017,24.76,8,97.2038,446.081,47,281,0.16726
39.5176,74.735,27.2128,39.5146,12,145.412,1250.93,137,169,0.798817,,100.714,70.4681,23.6098,27.6183,8,96.1235,404.579,,41.9643,66.6956,22.368,26.3343,8,86.0181,400.994,189,291,0.649485,,37.1248,66.1831,19.5398,22.5529,8,85.2107,308.372,62,153,0.405229,,106.739,67.2455,21.7972,26.2735,8,101.617,459.156,90,518,0.173745
27.298,72.8529,32.1595,37.5732,12,110.949,549.87,132,158,0.822785,,100.742,64.2051,18.9553,21.1321,7,50.9827,220.556,,55.8457,66.0018,21.4751,24.4681,8,80.8486,306.535,181,287,0.630662,,41.0531,67.527,27.2185,31.5895,12,90.9683,445.924,63,118,0.533898,,137.412,63.7892,19.3759,23.0354,8,69.5479,373.286,100,622,0.160772
5.26197,74.6552,32.1478,37.7945,11,129.053,576.126,122,186,0.645161,,100.265,66.8472,21.8614,24.9783,7,80.1048,314.13,,38.2136,68.4034,22.4406,25.8557,8,81.7478,345.599,181,290,0.624138,,79.7561,68.6115,26.2515,37.7327,11,149.636,1193.24,95,187,0.508021,,,,,,,,,,,
25.8564,63.9834,23.8481,27.927,8,84.1364,417.184,129,153,0.830065,,100.338,66.3875,20.6084,23.6067,7,75.0149,304.76,,30.6457,71.4543,21.7645,25.1816,8,89.6746,349.537,189,250,0.756,,41.7872,73.8387,27.4432,32.7447,11,126.15,541.71,73,87,0.83908,,99.0936,70.9094,23.3872,27.3283,10,94.7001,403.317,86,366,0.234973
14.964,74.2521,28.9734,34.1252,12,106.088,522.617,123,165,0.733333,,100.394,63.7755,18.5341,20.5268,7,50.4,203.499,,45.1424,68.5913,22.3056,25.5057,8,75.0529,327.931,186,290,0.641379,,21.1144,69.274,30.0757,36.8149,12,136.218,681.092,43,91,0.472527,,,,,,,,,,,
20.1318,66.7891,27.4637,31.6748,10,91.2717,426.66,129,178,0.713483,,100.495,66.5369,21.2735,24.0901,7,82.4126,285.48,,72.9464,67.537,22.8102,26.606,8,91.0207,387.91,175,293,0.59727,,44.6339,67.0824,24.0119,28.9605,10,106.22,506.907,60,111,0.540541,,190.518,69.1022,21.3215,24.7398,8,94.945,349.244,126,592,0.212838
19.0441,78.0773,32.9542,38.494,13,117.048,560.897,134,144,0.916667,,101.027,66.9169,20.2812,23.0422,8,66.1643,280.755,,20.0743,72.9486,24.7211,29.5902,9,101.024,494.333,184,253,0.727273,,20.5161,66.9549,25.387,29.578,10,88.0774,428.189,46,57,0.807018,,153.6,67.6672,21.1852,25.022,8,111.271,392.011,107,486,0.220165
9.77039,65.6392,24.0749,28.0616,9,86.9874,408.312,126,164,0.756098,,101.369,65.2239,21.3313,24.6911,8,77.9884,342.835,,111.92,68.5901,23.1922,27.3757,8,100.18,424.613,181,281,0.644128,,53.431,73.5398,27.2201,32.2364,11,118.612,511.928,75,139,0.539568,,192.001,75.3232,21.5411,25.4373,8,104.256,398.283,122,613,0.199021
28.985,68.4719,28.4224,44.437,11,139.68,1643.53,128,148,0.851351,,100.464,64.2189,20.0946,22.8275,7,62.8239,278.232,,39.483,73.6683,27.0479,32.0609,9,117.109,510.273,172,273,0.630037,,80.3745,66.5199,29.629,34.7637,11,114.952,524.614,91,209,0.435407,,128.097,66.2458,20.517,24.1584,8,87.5693,373.17,105,322,0.326087
21.3835,64.2073,19.5841,26.0256,8,86.5999,671.131,130,143,0.895105,,101.108,65.1382,19.5007,21.8015,7,59.5687,233.575,,15.5178,71.5455,24.0211,28.1583,8,106.333,419.443,191,267,0.715356,,11.9251,63.4715,26.3602,29.6101,9,71.3285,332.67,31,59,0.525424,,189.882,66.6838,20.6684,24.9347,9,94.4043,437.222,127,420,0.302381
38.2467,66.3662,22.6702,25.8018,8,79.2476,318.716,132,146,0.890411,,100.24,64.8353,20.8284,23.5301,7,64.2881,275.937,,20.1938,67.6216,23.2462,27.4835,8,95.699,428.982,186,262,0.709924,,47.5491,65.7681,30.8847,36.3919,13,103.541,563.126,70,232,0.301724,,35.961,66.0465,20.1203,23.9344,8,86.8475,391.556,50,341,0.146628
9.31262,79.3309,34.2701,39.4157,11,120.076,519.605,141,170,0.817647,,102.011,68.4785,21.131,23.8468,7,72.0832,275.944,,33.2334,70.3793,25.032,29.186,9,92.5733,421.693,191,252,0.757937,,63.3158,65.1011,22.9115,26.5153,10,80.5621,368.753,83,220,0.377273,,80.657,65.0999,18.9516,22.4489,7,89.889,357.473,76,349,0.217765
18.1057,68.6024,26.701,30.9988,10,95.3477,437.564,121,160,0.74375,,100.524,67.4183,23.2652,26.9941,8,95.4165,380.191,,22.641,72.7099,23.7752,27.0534,8,89.445,334.26,194,251,0.772908,,44.7227,68.3321,23.6771,29.0023,10,115.721,544.875,58,127,0.456693,,171.877,66.0297,19.2256,22.8254,7,94.4707,366.916,120,519,0.231214
32.438,77.0154,28.3466,34.7467,12,111.306,652.942,128,149,0.845638,,100.368,68.244,21.7415,24.5972,7,76.0695,288.002,,11.7372,68.895,23.7623,27.5279,9,101.575,385.011,181,257,0.70428,,36.1084,65.8469,22.6796,27.719,11,86.604,519.143,51,106,0.481132,,95.3131,66.6648,18.9492,22.3265,7,88.353,345.185,89,308,0.288961
10.7271,67.8877,30.7072,36.3485,12,103.881,577.567,138,146,0.931507,,101.456,66.0048,21.5519,24.4904,8,69.9813,298.052,,56.1643,70.481,24.1108,28.1488,9,87.4075,411.997,172,281,0.6121,,17.3364,68.3251,25.681,31.0787,11,116.077,547.614,36,68,0.529412,,,,,,,,,,,
12.9622,70.4635,26.8881,31.4136,10,99.2431,458.957,126,165,0.751515,,100.459,64.5985,20.6216,23.3549,8,56.9459,275.345,,42.6991,69.8673,22.957,27.0314,8,100.045,417.777,189,288,0.65625,,44.9236,74.0143,29.0821,33.8916,12,110.991,488.291,58,139,0.417266,,36.4961,67.196,20.2801,24.5092,9,105.278,432.133,43,267,0.161049
22.2956,66.8672,21.7182,27.3073,8,98.6161,568.284,144,132,1.07576,,101.466,65.5243,19.7169,22.1103,7,64.0257,243.395,,24.9731,73.1833,23.8066,27.8662,7,120.926,410.695,204,261,0.781609,,43.9045,64.9273,23.4314,26.838,9,70.9117,347.508,61,94,0.648936,,,,,,,,,,,
29.9157,66.6935,27.9111,32.2621,11,91.2595,442.164,134,140,0.942857,,101.081,64.2885,21.1373,23.8752,8,64.5879,277.775,,53.3938,71.4061,24.1925,27.6907,9,90.8151,356.08,186,243,0.765432,,29.6477,67.0007,23.5634,27.64,9,98.1911,416.135,51,129,0.395349,,,,,,,,,,,
7.07017,71.5618,28.3087,32.072,9,104.324,383.632,121,157,0.757962,,100.135,64.7388,20.8565,23.7216,9,54.1722,292.821,,58.882,63.1851,21.9459,24.7196,8,62.2509,281.052,184,298,0.61745,,41.4329,70.0618,24.4042,28.4868,9,100.924,415.22,58,123,0.471545,,,,,,,,,,,
12.6941,69.1319,28.7041,32.4766,10,93.116,381.82,138,156,0.871795,,102.161,63.8088,20.4806,22.9682,7,63.484,252.796,,29.0147,67.1201,22.0004,25.5954,8,79.0125,366.562,187,239,0.782427,,32.5644,65.5499,25.9531,30.0193,10,84.5414,414.691,50,123,0.406504,,150.978,63.5429,18.3139,21.8691,7,80.4246,364.138,110,464,0.237069
23.8256,69.4588,26.7494,37.5859,12,152.944,1111.91,129,174,0.729885,,101.293,68.3212,21.6404,25.4619,7,102.107,387.968,,39.5614,67.9733,21.1804,24.6449,8,79.5439,352.566,188,296,0.635135,,34.8894,67.9792,27.3494,32.3817,10,125.586,514.717,60,157,0.382166,,72.5033,70.0804,22.0742,26.1193,9,108.554,413.18,78,335,0.232836
6.71175,73.6856,31.8106,38.0542,12,126.671,635.659,134,164,0.804878,,100.863,63.7438,19.1718,21.3714,7,51.8122,224.175,,21.8125,70.3463,24.2318,28.288,8,103.308,413.817,191,260,0.734615,,58.1042,71.2684,24.145,28.5541,10,106.693,448.492,78,145,0.537931,,77.3881,66.0437,20.9951,25.2399,9,93.8421,435.076,75,363,0.206612
24.1939,64.2279,22.3996,25.4903,8,70.1456,313.727,124,136,0.897059,,100.644,62.8974,19.477,22.0071,7,59.2295,256.829,,16.8971,65.7942,23.684,27.2386,8,90.3806,358.513,183,227,0.806167,,24.8045,66.297,25.4939,29.8129,10,87.6099,442.054,42,107,0.392523,,,,,,,,,,,
39.8493,65.9654,25.1274,30.0801,10,95.7331,507.472,124,136,0.897059,,101.601,65.1937,20.2694,22.7012,7,66.0039,246.832,,42.8365,68.5916,22.54,26.4332,8,93.953,394.388,187,285,0.65614,,50.0807,66.6948,27.0744,36.0691,14,121.099,926.486,72,207,0.347826,,50.6489,65.1715,19.9931,24.3422,8,93.0111,445.568,57,288,0.197917
11.7403,68.7034,27.5983,32.4792,10,95.5301,496.558,134,162,0.814815,,100.332,67.9806,21.1424,24.0848,7,76.1004,297.977,,42.0226,69.1871,21.9281,25.3554,8,87.3621,350.319,189,259,0.72973,,40.3525,71.2264,27.7397,33.5245,13,108.827,588.945,61,115,0.530435,,,,,,,,,,,
19.4884,71.0945,33.0937,39.9932,13,127.815,709.272,126,146,0.849315,,100.595,67.6683,21.017,23.9832,7,89.3249,302.515,,83.2751,67.6614,22.8847,26.8611,8,90.7785,406.895,176,259,0.679537,,48.7759,72.5885,27.9594,33.8971,13,133.112,602.56,70,182,0.384615,,154.007,67.1443,21.7163,26.0581,9,102.53,443.385,113,455,0.248352
20.3976,72.4329,28.1623,34.5478,11,119.877,645.823,124,159,0.767296,,101.314,65.3193,20.598,22.9915,8,64.7177,245.628,,31.0296,64.6358,20.807,22.8673,8,50.1194,209.705,185,248,0.745968,,55.2052,65.2504,24.908,29.1132,10,74.7532,431.568,78,90,0.866667,,101.867,66.3761,21.8938,26.2333,9,101.127,445.032,93,305,0.304918
20.8362,67.8107,24.5974,28.3617,8,97.0882,381.572,123,149,0.812081,,101.267,66.0829,21.5214,24.9065,7,92.0771,341.655,,60.4878,63.7558,19.74,21.7083,7,55.3752,201.563,178,271,0.656827,,37.6272,69.7205,24.6383,29.5018,10,103.268,497.619,57,150,0.38,,,,,,,,,,,
12.6616,71.1108,32.0463,37.9791,13,112.094,608.634,129,157,0.808917,,100.816,65.5631,22.899,26.6502,8,87.2965,380.375,,73.5762,68.9908,23.0084,26.3725,8,85.4381,343.298,150,242,0.619835,,69.7322,70.4568,28.3184,33.2865,12,108.484,509.276,78,152,0.513158,,,,,,,,,,,
21.9997,65.375,25.9313,30.0323,10,84.3528,416.906,113,147,0.755102,,100.401,64.7809,21.9442,24.9755,10,55.0904,311.441,,42.9274,68.4588,22.1984,25.3055,8,81.2701,317.003,159,266,0.597744,,64.4844,67.9908,26.1212,30.8725,10,111.234,487.458,67,146,0.458904,,,,,,,,,,,
21.8745,72.0821,36.341,42.9941,14,123.85,669.237,116,131,0.870229,,102.638,65.9284,21.3836,23.6064,8,53.2359,225.372,,74.062,67.841,23.0965,26.5872,8,97.4049,355.4,139,236,0.588983,,30.2988,68.9797,28.3392,33.4055,11,114.401,513.729,39,96,0.40625,,,,,,,,,,,
34.1,70.976,28.306,33.409,10,114.276,519.83,95,111,0.837838,,100.882,64.6888,22.2397,25.497,8,76.9831,332.175,,23.5014,64.2194,21.4261,24.1721,8,63.2151,279.746,148,199,0.743719,,44.5033,72.929,25.23,29.6215,11,97.8455,452.442,50,111,0.45045,,48.5517,67.8714,20.2047,23.8216,9,89.4511,370.226,51,254,0.200787
8.34599,83.9849,35.6479,42.822,15,137.497,727.638,124,147,0.829932,,100.611,70.6075,21.3848,24.2367,7,81.5925,289.111,,36.5956,67.3491,23.0244,26.4813,8,90.2334,349.095,151,213,0.70892,,158.784,66.3105,23.9803,30.0882,10,123.027,626.374,99,150,0.66,,,,,,,,,,,
20.7391,67.7758,27.7821,33.3329,11,107.822,567.691,96,121,0.77686,,100.704,63.8694,19.8337,22.3522,7,64.7675,255.872,,,,,,,,,,,,,45.3708,65.589,28.5768,34.1029,11,104.095,563.594,45,118,0.381356,,,,,,,,,,,
41.3815,80.9638,34.109,41.1281,13,145.011,719.031,107,133,0.789474,,100.342,72.5935,28.4335,33.1771,10,108.356,482.248,,162.924,67.8311,22.9413,27.3279,8,96.4873,447.986,128,209,0.61244,,,,,,,,,,,,,,,,,,,,,,
19.0837,75.8021,32.1846,43.4525,12,154.872,1155.74,105,142,0.725352,,102.83,67.5235,21.7648,25.4603,8,84.7992,374.595,,17.2045,72.023,24.489,28.2098,8,100.959,378.376,176,241,0.73029,,31.6437,66.0786,32.196,37.7373,14,101.497,567.055,45,84,0.535714,,,,,,,,,,,
17.8935,70.5341,26.9558,32.1383,10,100.115,527.407,135,151,0.880795,,101.36,64.7928,19.429,21.4669,7,47.5625,206.932,,53.0162,68.1513,23.135,26.0754,8,77.6167,298.651,163,261,0.624521,,79.978,68.871,29.8905,35.7471,13,116.547,595.073,78,198,0.393939,,63.8989,70.5519,23.3359,27.962,9,115.917,473.154,65,291,0.223368
22.8377,74.6604,30.3042,35.7137,11,122.88,550.548,115,125,0.904,,100.873,64.3505,20.4123,23.0406,7,68.8909,265.053,,15.4749,70.8935,25.1163,30.1191,8,133.208,507.653,161,220,0.731818,,57.7606,64.4457,19.5005,22.7996,8,85.5074,336.187,62,130,0.476923,,,,,,,,,,,
30.1852,69.488,29.6959,34.0991,12,87.0116,450.988,107,142,0.739437,,100.808,64.7542,20.2396,23.6248,7,80.0201,344.163,,24.2339,69.984,25.1553,29.337,8,106.308,426.204,154,233,0.660944,,84.6998,65.2008,24.1047,28.9413,11,95.5241,494.133,80,181,0.441989,,130.433,68.4971,21.118,25.2521,8,113.275,421.573,81,429,0.188811
26.9918,79.4973,33.6064,39.0994,12,120.707,557.383,106,123,0.845528,,100.331,82.9182,29.9229,34.866,10,130.874,503.215,,103.186,67.6713,23.3198,26.5645,8,85.9737,330.027,152,206,0.737864,,59.3261,66.7899,24.3747,28,10,75.942,371.97,58,143,0.405594,,141.705,69.2631,21.4612,25.5687,8,98.3265,421.13,85,415,0.204819
20.4495,75.7162,28.7348,34.2913,11,123.619,561.944,128,154,0.818182,,100.375,65.6715,23.6201,27.2998,8,93.5286,375.73,,14.0787,67.1728,22.6861,26.4714,8,84.7822,382.705,195,251,0.776892,,48.6995,66.2329,24.0673,28.7607,9,95.3117,478.951,68,132,0.515152,,48.9724,65.9756,20.8385,24.6244,9,82.0987,389.022,54,406,0.133005
12.0967,65.7296,22.0297,25.3245,7,100.1,330.881,126,172,0.72093,,100.361,63.9826,21.129,24.042,7,83.9241,293.81,,45.0968,69.1208,24.3849,27.9487,9,84.292,362.36,191,262,0.729008,,48.9382,66.8514,23.4885,27.6822,10,91.4893,429.96,70,211,0.331754,,98.3285,64.6327,19.263,22.7097,8,76.8445,353.546,86,368,0.233696
23.944,77.2348,28.9654,45.5891,10,229.238,1660.02,124,167,0.730539,,101.391,66.9613,21.2956,24.0902,7,85.2425,284.631,,123.689,66.0196,22.0076,25.8515,8,88.5633,389.268,183,259,0.706564,,17.5211,65.7445,26.9932,32.2377,11,112.182,537.949,36,67,0.537313,,155.578,71.515,23.01,27.3485,9,108.319,444.075,110,433,0.254042
26.4751,67.9821,24.1146,36.4423,10,142.604,1270.59,127,142,0.880282,,100.304,65.1476,20.171,22.9886,7,65.2023,287.034,,42.581,68.8602,23.1668,27.3488,8,100.612,421.892,186,303,0.613861,,41.1003,67.8799,30.6871,36.6171,14,103.308,605.719,62,81,0.765432,,,,,,,,,,,
40.6719,66.8173,27.4788,31.7001,10,84.5046,431.445,124,123,0.99187,,100.816,64.4166,20.1923,22.5179,7,59.1819,235.923,,33.6938,66.0368,20.6621,24.4991,7,95.0273,392.615,171,271,0.630996,,110.188,63.9838,21.0579,24.7147,9,80.6886,374.324,109,172,0.633721,,29.9029,69.1242,23.5603,28.6076,9,127.309,515.033,43,258,0.166667
17.3513,69.7392,27.2651,31.9327,10,104.695,475.822,124,154,0.792208,,102.016,66.5002,19.2481,22.1716,6,84.8554,296.791,,6.36131,64.9806,21.0267,24.3489,7,87.3152,337.926,180,253,0.711462,,77.205,64.1877,21.9274,38.2921,10,156.568,1666.58,71,204,0.348039,,175.242,63.6865,19.2615,22.2627,9,60.9218,306.166,122,478,0.25523
15.9977,73.9335,30.8248,36.5385,11,126.441,577.751,145,164,0.871951,,101.005,72.9694,22.9595,26.2619,8,91.877,336.629,,12.0803,73.7634,25.5332,30.5273,9,108.753,505.94,198,249,0.795181,,31.724,66.7727,21.8591,25.6229,9,91.1199,385.404,49,123,0.398374,,69.8744,64.9616,19.4642,22.8097,8,76.1775,341.52,69,354,0.194915
22.0231,81.3554,37.8282,46.2773,14,180.729,860.747,126,151,0.821192,,100.539,66.8087,20.7886,23.428,7,64.1683,266.83,,66.379,67.7418,23.8539,27.8556,9,88.0913,408.158,190,248,0.766129,,76.1244,67.8965,24.3313,28.8648,9,103.257,460.896,81,168,0.482143,,21.2281,67.075,20.962,26.1559,8,91.9946,533.233,43,157,0.273885
17.5838,70.9742,31.1108,40.1379,12,139.06,927.974,134,151,0.874172,,100.652,65.9789,20.4025,23.1032,7,71.589,275.841,,,,,,,,,,,,,33.3441,68.5866,29.7293,35.3592,13,105.378,579.339,47,168,0.279762,,,,,,,,,,,
22.1806,82.9393,33.7074,40.0704,13,141.98,643.391,129,137,0.927007,,101.203,69.1598,21.2142,24.1667,7,84.1855,298.759,,4.43536,65.7126,20.7624,23.7219,7,79.7899,300.203,196,248,0.790323,,103.429,67.5346,24.8867,29.457,10,91.2344,468.896,112,209,0.535885,,99.5186,68.4238,19.9704,24.0462,7,103.637,415.884,89,265,0.335849
16.4986,66.1658,28.7678,33.118,12,77.5899,442.547,132,153,0.849673,,100.454,65.2629,19.844,21.9809,7,52.0505,216.305,,75.939,66.5037,20.0891,22.6477,7,66.5796,259.914,192,265,0.724528,,22.0091,70.1759,30.3958,35.8862,12,105.747,562.362,37,101,0.366337,,68.3922,64.1331,18.9423,22.7517,8,83.721,390.066,77,296,0.260135
8.62576,70.7451,27.1518,30.7307,10,86.2009,356.028,137,179,0.75419,,100.891,64.9066,19.981,23.5228,8,83.0578,352.294,,113.607,67.9724,20.6055,23.661,7,76.4393,310.765,186,286,0.65035,,37.5426,65.2298,22.9029,27.8456,10,89.7371,500,60,234,0.25641,,152.448,68.6246,21.2785,24.7536,9,104.383,354.03,102,675,0.151111
11.3525,73.0703,28.3323,36.3897,12,115.057,822.976,135,157,0.847134,,100.295,65.2128,20.0887,22.7529,7,69.5137,271.215,,84.0394,74.5622,23.6321,27.4044,8,100.313,382.054,164,238,0.689076,,33.7373,66.2433,25.7422,30.3239,10,88.0861,471.43,49,182,0.269231,,,,,,,,,,,
26.3079,75.0618,32.4926,38.0279,12,116.888,564.16,129,146,0.869863,,101.129,67.289,22.1702,25.8171,8,87.9989,371.722,,59.4223,63.9722,19.46,21.6793,7,62.4328,223.237,184,295,0.623729,,24.3977,67.7822,26.6226,32.2682,13,113.32,577.457,45,109,0.412844,,102.108,64.2254,20.003,23.6046,8,76.654,368.379,84,492,0.170732
9.95189,70.7698,32.44,56.6982,13,191.02,2505.33,135,153,0.869281,,101.09,66.0825,20.6908,23.4654,7,70.8229,282.682,,4.60654,66.8951,22.1081,25.4045,8,75.904,334.928,201,256,0.785156,,128.545,64.4202,19.9466,23.8595,8,76.7365,397.911,135,193,0.699482,,,,,,,,,,,
13.2432,74.3377,24.6937,29.3354,10,102.281,473.254,135,157,0.847134,,101.548,68.0514,21.866,24.5746,8,65.198,276.677,,53.1337,68.0558,22.7268,26.3025,8,95.9657,362.912,196,279,0.702509,,22.943,67.9278,27.3724,32.9717,13,96.8742,573.079,39,86,0.453488,,,,,,,,,,,
36.0404,68.7623,34.7149,40.7088,14,110.563,613.222,137,150,0.9,,100.682,76.9126,25.0577,29.1483,8,108.093,413.796,,41.1545,69.5167,26.0549,30.1564,10,85.2927,418.439,188,278,0.676259,,34.7193,70.9298,26.2268,30.8593,10,110.337,475.702,52,101,0.514851,,195.528,63.7289,18.5378,21.7331,7,75.8731,325.733,134,486,0.27572
26.4353,69.663,25.7672,30.6789,10,100.606,496.259,123,162,0.746914,,100.502,65.6514,19.7236,22.0357,7,59.0752,234.027,,20.4789,70.2219,22.2147,26.3008,7,109.597,414.135,202,258,0.782946,,45.7942,66.6606,27.4027,32.6908,11,109.938,537.838,66,162,0.407407,,114.34,66.8215,19.7376,22.7466,8,86.7022,307.164,97,386,0.251295
15.8372,70.8033,23.6218,27.3576,8,100.295,380.089,120,168,0.702381,,100.43,68.4563,20.978,23.77,7,79.1019,284.494,,65.7348,67.7817,21.9271,25.1502,8,78.3366,326.061,182,296,0.614865,,58.9716,70.3853,24.6465,29.0009,10,113.766,442.22,74,189,0.391534,,135.866,71.2066,22.6162,26.6601,10,90.7734,413.953,105,435,0.241379
12.5233,70.427,27.6315,42.7678,10,170.8,1540.45,135,161,0.826087,,101.127,67.6364,21.5491,25.5661,7,103.444,411.09,,70.3438,63.6469,21.4905,23.9178,8,62.5397,244.978,181,270,0.67037,,42.9834,70.2733,29.2468,34.0753,12,104.973,491.765,63,135,0.466667,,129.702,69.8561,21.6943,25.6893,9,98.108,407.175,99,395,0.250633
16.1784,74.5137,34.5639,48.5327,14,152.921,1449.38,118,144,0.805556,,100.22,62.5157,19.3709,21.4901,7,58.6396,214.486,,106.427,63.2448,19.9221,22.1752,7,65.3088,229.84,170,307,0.553746,,10.8904,65.9401,28.1666,33.04,11,93.7728,497.664,24,41,0.585366,,69.9451,69.167,21.548,25.933,8,102.586,449.314,72,343,0.209913
20.7584,66.8949,25.8565,30.3928,10,91.6609,461.365,138,160,0.85,,101.113,66.2178,21.8913,25.0111,8,73.962,316.204,,42.3106,69.0952,22.5977,25.5944,8,81.863,305.558,194,264,0.734848,,33.9109,70.0014,32.5652,38.978,14,122.049,653.783,54,149,0.362416,,,,,,,,,,,
23.9585,76.8906,27.2575,33.1487,10,125.599,600.443,137,150,0.9,,101.12,67.5979,21.197,24.547,7,87.2293,338.081,,61.1985,70.1573,20.6879,23.984,7,89.6388,333.878,190,279,0.681004,,70.4334,65.6492,23.8073,28.8204,10,103.812,515.019,88,174,0.505747,,56.6093,65.1117,21.3323,25.0941,9,73.87,386.584,68,300,0.226667
21.7203,67.7295,24.8346,28.9731,9,96.3971,420.783,147,152,0.953947,,101.113,64.0438,20.453,22.9314,8,58.0128,253.872,,21.5028,63.8904,19.792,22.289,7,57.1547,252.654,199,268,0.742537,,6.71038,66.7431,24.285,31.7347,11,116.617,772.842,20,67,0.298507,,,,,,,,,,,
21.4832,82.0642,34.5443,69.6335,15,311.651,3611.19,119,153,0.764706,,100.877,64.032,19.9169,22.6473,7,59.3551,278.753,,15.0742,69.171,22.1751,25.7917,7,97.3424,366.269,185,234,0.790598,,15.0615,71.0052,25.4684,30.2857,11,96.1947,491.216,29,76,0.381579,,68.4416,65.6546,19.9695,23.9048,8,97.9525,402.685,69,286,0.241259
8.07896,66.3543,25.6096,29.6971,8,93.4396,417.657,146,168,0.857143,,101.641,65.4877,20.3747,23.0058,7,60.4282,268.21,,11.685,66.8715,23.422,27.2837,8,92.169,393.591,192,250,0.768,,12.2839,68.5493,28.0721,34.1159,12,108.516,615.37,25,55,0.454545,,158.411,64.4421,18.4515,21.5367,8,70.3174,316.965,119,415,0.286747
29.9848,67.9189,28.1715,33.4602,12,89.9631,540.532,129,165,0.769697,,100.357,65.209,20.4099,23.2546,7,70.8318,290.623,,39.3321,70.4229,24.097,27.7342,9,79.3294,368.318,178,238,0.747899,,54.2987,70.7952,23.8746,28.1832,10,97.6233,438.575,81,201,0.402985,,153.652,64.2188,19.558,23.4604,8,84.498,400.22,103,594,0.173401
4.88024,64.8799,22.1768,25.6986,7,85.129,359.788,133,174,0.752874,,100.463,65.3659,21.4113,24.4268,7,82.4143,308.316,,16.8232,70.9711,25.0018,29.4846,9,95.581,458.808,189,292,0.64726,,54.7063,66.2829,20.2947,23.8251,8,86.7665,361.345,84,143,0.587413,,,,,,,,,,,
10.3496,70.8247,27.0267,31.0498,10,92.6888,411.552,131,159,0.811321,,100.492,63.7252,19.0569,21.4065,8,49.4019,239.565,,29.4178,69.238,22.967,27.0139,8,97.9686,408.128,188,273,0.688645,,64.125,66.0676,22.8719,26.6771,9,87.6084,389.843,77,159,0.484277,,131.149,63.9441,19.4388,22.9364,8,77.3145,357.722,110,359,0.306407
13.7811,80.9445,32.5296,39.1285,12,148.74,674.633,133,174,0.752874,,100.955,63.6748,18.432,20.5155,6,61.8167,211.048,,59.2883,72.072,23.2259,26.6573,9,82.6764,350.03,183,265,0.690566,,29.8054,66.0395,25.8956,30.4944,10,106.571,472.568,51,105,0.485714,,173.559,66.5541,21.4866,26.238,8,109.577,485.852,122,580,0.210345
15.3972,81.447,32.2472,37.9834,12,120.872,584.729,120,148,0.797297,,100.854,66.1872,23.6165,27.4431,9,84.4073,388.088,,71.1548,65.0885,21.225,24.0305,8,67.0569,283.735,177,243,0.728395,,65.0494,64.2887,21.9851,26.4503,9,90.3653,453.906,85,150,0.566667,,,,,,,,,,,
11.3206,68.4598,30.5453,34.3535,10,92.9229,385.488,138,176,0.772727,,100.336,63.6966,19.5425,21.664,7,49.7126,216.159,,57.0662,69.2462,23.3129,27.3784,8,106.138,413.114,194,257,0.754864,,31.5747,65.0369,23.693,27.8811,10,102.22,427.907,48,107,0.448598,,,,,,,,,,,
38.6128,71.3476,25.6578,29.3766,8,95.1418,379.892,122,141,0.851064,,100.573,71.3476,25.6578,29.3766,8,95.1418,379.892,,26.1175,66.5958,20.7117,23.9123,8,67.316,328.031,187,264,0.708333,,63.0159,69.0267,26.0643,30.2017,11,88.1882,423.847,83,217,0.382488,,132.413,67.5512,20.6601,24.6368,9,78.847,407.391,115,399,0.288221
20.7742,74.8109,27.1574,37.8076,11,162.004,1094.07,138,149,0.912752,,100.516,68.7881,21.4519,25.2862,7,91.7037,391.82,,19.3447,70.6969,23.9901,28.5938,8,106.327,470.44,184,285,0.645614,,62.6668,70.8686,29.0204,33.8261,13,115.352,492.886,79,161,0.490683,,93.8028,66.0334,20.5517,23.8615,8,89.7391,337.178,86,322,0.267081
29.2837,68.4589,24.9434,29.9072,9,124.806,504.009,126,146,0.849315,,101.94,73.156,23.5711,27.8347,8,113.959,436.602,,115.693,64.0967,19.4254,21.9352,7,63.7553,255.003,173,275,0.629091,,31.652,66.593,25.4711,31.1203,10,110.932,577.788,51,103,0.495146,,37.5423,64.3218,18.7631,22.2073,7,80.7959,352.872,55,202,0.272277
42.6394,71.0897,28.4366,36.0824,12,108.065,781.002,128,154,0.818182,,101.099,67.5034,26.7222,29.8817,9,76.6728,322.924,,25.2901,68.9811,22.4543,25.9049,8,85.6973,351.846,195,277,0.703971,,104.607,65.5126,23.0677,30.5838,11,87.9496,785.851,102,293,0.348123,,,,,,,,,,,
33.117,64.3496,22.3951,26.0661,8,82.1898,372.666,128,149,0.845638,,101.139,65.4619,21.5039,24.8131,8,71.8807,337.47,,48.8834,69.2958,22.5236,26.8262,8,100.626,436.885,205,261,0.785441,,23.7162,66.117,23.7635,28.0943,9,109.92,441.207,44,93,0.473118,,43.3548,65.5793,19.3232,22.7844,8,82.3162,354.474,61,256,0.238281
13.7333,75.3728,30.3513,35.6576,10,144.219,535.756,127,159,0.786164,,101.057,68.5528,22.377,25.5523,8,82.9624,322.982,,25.4647,65.3926,22.1181,25.2879,8,74.9162,322.23,180,275,0.654545,,35.5779,72.0922,25.9113,30.7941,11,115.255,498.147,54,135,0.4,,,,,,,,,,,
19.5824,66.902,26.1291,30.7087,10,83.3261,467.565,133,145,0.903448,,100.917,65.6094,19.7633,22.791,6,85.6933,307.517,,95.4846,68.4549,22.2015,25.4308,8,72.9124,329.676,187,261,0.716475,,58.213,67.8845,24.2758,29.8439,11,106.378,565.461,81,137,0.591241,,,,,,,,,,,
11.0678,70.838,29.9964,41.6952,12,135.101,1213.67,140,148,0.932432,,100.829,63.7058,20.4198,22.9254,7,64.3245,254.069,,40.1352,70.2541,23.3784,27.2857,8,96.8521,395.688,189,263,0.718631,,27.4443,64.2351,23.332,27.167,9,79.2091,388.912,40,154,0.25974,,48.7632,66.1856,20.5146,24.83,8,100.439,438.902,62,298,0.208054
28.2155,77.2359,34.5337,41.6404,13,149.69,722.416,129,156,0.814103,,100.913,70.3767,23.5373,26.9211,8,96.0603,343.46,,19.245,70.358,23.5652,27.0766,8,98.4371,353.792,197,265,0.743396,,15.3361,67.3274,26.3948,32.2624,11,117.131,601.673,32,77,0.415584,,109.685,63.6237,18.474,21.6292,7,69.7795,322.798,91,582,0.156357
15.2863,68.1261,25.4939,29.9651,9,94.5918,454.515,129,168,0.755952,,100.795,63.3729,18.0081,19.9276,6,55.7318,196.018,,24.3491,79.5139,25.0426,29.0639,8,114.967,408.948,183,288,0.635417,,77.1835,64.0451,18.6338,31.0336,8,118.815,1288.77,91,139,0.654676,,72.6826,66.688,19.6287,23.4336,9,88.8735,388.863,79,345,0.228986
10.4775,71.2459,31.709,36.9835,11,106.204,536.041,138,160,0.85,,100.985,66.5739,22.7144,26.4442,8,86.8237,380.411,,42.6665,70.3943,22.6775,26.5887,8,89.4923,399.464,192,260,0.738462,,18.5883,69.1858,27.2884,32.9658,11,136.842,574.661,36,63,0.571429,,175.682,63.6772,20.1485,24.6622,7,94.44,461.67,126,395,0.318987
15.9506,71.448,29.3305,34.1039,10,109.095,486.922,141,150,0.926667,,100.618,64.7821,20.701,23.2663,7,73.0635,261.017,,17.7425,64.7787,21.6701,24.7227,8,64.8699,308.347,188,252,0.746032,,12.4731,70.0879,30.6358,34.6325,12,99.3903,409.444,30,91,0.32967,,98.9619,68.5511,22.8145,27.1833,9,122.396,446.553,92,295,0.311864
12.2299,71.6909,24.2818,36.0779,9,132.767,1242.47,128,156,0.807692,,100.843,63.6267,19.2291,21.2752,7,52.9489,209.917,,34.7273,76.8488,25.1547,30.0571,8,131.806,499.137,174,260,0.669231,,28.0036,64.7624,24.8236,30.9075,11,108.092,622.38,46,67,0.686567,,173.792,63.6795,20.0026,23.6546,8,77.9297,375.067,119,481,0.247401
15.0677,70.7453,26.8062,30.8656,9,106.861,414.187,142,151,0.927152,,102.029,67.4852,24.3076,27.2704,9,76.7675,300.109,,54.1615,69.6447,22.4874,26.3153,7,115.73,388.103,193,241,0.80083,,17.157,66.8085,23.3556,28.6903,8,111.923,546.665,35,143,0.244755,,195.362,66.2469,19.4792,22.9667,8,80.3073,356.916,118,681,0.173275
46.7769,77.2049,27.5434,32.0666,10,105.165,459.222,115,140,0.807143,,100.52,63.8718,20.2735,22.811,7,61.5005,257.752,,105.51,64.8783,18.9999,21.7797,7,60.188,280.774,179,289,0.619377,,100.129,66.9798,22.8906,26.7585,9,94.9452,396.569,108,177,0.610169,,,,,,,,,,,
12.1251,67.1578,25.4934,30.0828,10,97.525,469.992,119,154,0.75974,,101.605,63.6987,20.321,23.1304,7,72.3578,286.412,,47.4223,70.0509,25.5246,30.4457,10,103.819,499.245,173,250,0.692,,25.4251,72.0557,31.5273,37.5574,13,101.866,617.867,44,115,0.382609,,36.966,63.6515,18.6024,21.8513,9,63.6152,333.597,52,229,0.227074
6.61639,74.215,29.6939,35.4535,12,98.1023,583.403,132,159,0.81761,,101.175,67.4404,22.1462,25.6827,8,75.5698,360.712,,22.3127,71.0944,24.4126,28.0146,8,95.5426,365.149,183,272,0.672794,,30.3088,64.5264,24.0455,28.2229,10,77.0343,427.665,59,84,0.702381,,110.613,64.8805,19.5782,22.5734,8,73.5517,306.908,95,281,0.338078
15.0677,66.5676,24.4415,28.7481,9,85.727,438.801,132,156,0.833333,,101.2,69.4841,22.302,25.7124,7,91.5406,347.042,,66.0407,65.2449,20.4093,23.4168,7,71.1937,305.124,166,250,0.664,,66.4662,69.6887,24.6293,29.6552,10,119.737,513.284,82,147,0.557823,,39.469,65.3599,21.4269,25.9961,9,95.5003,469.033,51,234,0.217949
13.2524,73.882,31.8648,38.7064,13,125.537,700.236,136,162,0.82716,,101.93,68.7474,21.4456,25.0806,8,85.694,368.002,,10.1327,68.4211,22.9205,26.5753,8,83.8146,372.695,190,254,0.748031,,30.5534,68.5807,24.1187,30.191,12,131.056,619.328,55,102,0.539216,,28.1254,64.8246,19.7844,23.5484,8,88.3015,385.635,41,203,0.20197
16.0425,66.0477,25.5071,30.3416,9,97.6481,492.172,141,148,0.939189,,101.195,64.4899,20.1107,23.254,7,67.2476,318.418,,42.0979,68.7946,21.3458,24.6282,7,85.3989,334.871,174,270,0.644444,,43.447,72.1766,30.2279,36.9776,14,103.789,689.006,66,102,0.647059,,82.492,63.7249,20.1871,24.4191,8,80.8607,435.107,79,345,0.228986
25.4863,79.4352,33.209,38.7897,12,128.216,570.285,129,150,0.846667,,100.293,64.3946,21.4123,24.2696,8,70.6233,289.342,,29.3484,69.6264,23.0966,27.5991,8,108.268,459.428,192,274,0.70073,,43.9345,69.7988,26.6108,33.2994,11,143.541,679.641,64,116,0.551724,,172.147,64.4424,17.899,20.6273,7,70.0784,278.266,101,537,0.188082
14.806,71.6836,28.7979,33.4015,11,87.8504,467.02,138,147,0.92517,,100.597,65.8135,19.8919,22.8518,7,73.2349,301.212,,10.441,85.917,30.9245,36.5611,10,152.648,572.818,198,235,0.842553,,108.44,69.0473,23.4818,27.9248,10,105.582,453.009,105,182,0.576923,,63.4332,66.3164,21.2884,26.0864,8,102.69,491.312,68,191,0.356021
20.3502,67.0665,24.4348,29.0083,9,113.055,468.747,132,176,0.738636,,101.286,63.3635,19.3594,21.7075,7,53.9261,238.951,,25.6739,69.4604,23.0813,26.5411,8,86.9088,353.932,201,255,0.788235,,50.0474,70.7857,26.708,29.7222,9,71.1912,308.057,68,133,0.511278,,,,,,,,,,,
18.6713,66.3895,23.4037,26.7981,7,86.4039,347.74,137,147,0.918367,,100.26,64.0742,20.5034,23.0423,7,64.7167,256.444,,23.2198,63.3618,18.0073,20.0875,6,56.4756,210.735,188,257,0.731518,,20.7768,70.5538,28.9606,33.944,12,112.8,505.972,34,91,0.373626,,156.128,67.1102,21.4462,25.7184,9,91.5226,437.766,105,478,0.219665
8.71905,72.7475,27.0142,41.8031,11,152.688,1543.85,135,148,0.898649,,100.307,65.9071,21.6825,24.3354,8,63.5999,272.183,,43.1695,71.6387,21.4964,25.1613,7,101.111,372.793,173,280,0.617857,,28.2643,65.2996,26.4273,31.629,10,100.853,532.064,50,99,0.505051,,83.1808,64.1572,18.4625,21.92,7,74.4046,352.724,65,400,0.1625
16.2897,68.2842,30.7181,35.4667,11,97.6553,483.164,137,162,0.833333,,100.371,64.3799,21.28,24.2773,8,72.6496,306.459,,25.3221,67.6343,22.145,25.646,8,83.003,355.858,177,247,0.716599,,132.016,68.3331,21.4764,25.7709,9,81.3855,438.637,126,277,0.454874,,,,,,,,,,,
32.5934,71.2854,31.6727,36.5469,12,95.6646,502.676,130,149,0.85906,,100.66,63.5404,19.8836,21.803,8,41.0554,196.812,,9.63553,67.9245,23.386,26.616,9,75.3534,328.661,188,253,0.743083,,38.1207,67.2421,27.4271,36.7358,13,131.249,940.286,67,105,0.638095,,65.3079,63.5514,20.3096,24.2799,8,74.007,406.475,76,235,0.323404
14.3342,70.3213,29.1486,33.2863,11,92.9555,419.501,130,152,0.842105,,100.378,65.7963,23.1688,25.9358,9,65.6519,281.735,,92.4858,70.9905,21.9391,26.37,7,113.988,453.088,177,271,0.653137,,64.3249,68.6255,25.6765,31.0715,12,102.642,546.85,82,136,0.602941,,,,,,,,,,,
21.66,78.7053,36.2024,42.2851,12,142.835,616.344,134,155,0.851613,,100.243,72.8635,23.4136,27.507,8,103.723,417.193,,11.7579,65.5084,21.3733,24.7234,8,71.8018,340.086,181,262,0.69084,,45.7684,66.2064,27.5881,33.2436,11,114.688,578.825,72,133,0.541353,,131.685,68.787,20.9647,24.5444,9,89.941,366.904,106,428,0.247664
15.6401,67.2149,25.9437,30.8646,11,90.2325,494.385,133,160,0.81875,,100.299,63.9047,18.0341,20.009,6,61.6772,198.613,,10.6052,68.0464,22.0802,25.262,8,73.5336,324.485,182,241,0.755187,,21.9834,67.2308,27.2398,32.8939,10,119.518,577.285,43,74,0.581081,,29.3598,64.4189,21.6941,25.8229,9,91.8296,424.103,43,209,0.205742
29.6323,68.7225,30.0597,34.6159,12,99.0028,467.96,141,146,0.952055,,100.43,68.1462,21.2641,24.1219,7,81.6155,289.153,,66.4559,74.9494,27.7208,32.6253,10,113.66,500.949,184,293,0.627986,,44.8213,70.4981,27.59,34.1054,12,147.534,670.048,69,165,0.418182,,68.9544,78.8215,24.3855,29.2725,10,120.773,499.059,68,366,0.185792
17.8535,69.1457,34.1855,40.4055,13,106.636,637.546,131,166,0.777108,,100.931,68.0189,22.7077,25.8619,8,76.2357,322.838,,91.9493,65.193,20.4656,23.3418,7,78.2316,293.594,181,306,0.591503,,49.6898,77.815,28.8001,55.2657,13,250.167,2736.98,70,130,0.538462,,44.9258,66.4322,22.6529,27.9007,9,109.939,535.689,59,289,0.204152
22.1311,70.7909,28.105,32.4689,11,84.9397,444.992,141,164,0.847561,,101.398,65.0474,19.77,22.4884,7,64.9525,277.664,,18.875,68.8472,23.2732,27.7335,9,93.4445,455.575,197,252,0.781746,,21.6912,71.6342,31.3917,39.1312,13,145.556,795.433,45,79,0.56962,,,,,,,,,,,
13.7533,68.2358,28.5944,33.2468,11,93.7482,475.87,134,152,0.868421,,101.313,64.0958,19.7202,22.0746,7,59.199,238.973,,34.8159,69.8025,22.7752,26.6863,8,92.2078,397.964,184,277,0.66426,,25.5886,66.4557,26.0018,30.5161,10,89.0524,462.12,42,81,0.518519,,92.9774,67.2436,19.7988,23.4468,8,94.9018,373.394,81,375,0.216
12.3363,64.3171,23.3447,27.2402,9,81.7422,397.097,132,179,0.726257,,101.557,64.4256,21.0878,23.8171,7,74.4692,277.439,,76.1451,68.9736,21.7762,24.7776,7,81.5234,303.107,184,276,0.666667,,74.7456,70.737,33.8952,40.3512,13,140.185,660.679,76,251,0.302789,,146.702,64.8563,20.334,24.3202,9,80.8711,408.327,101,588,0.171769
9.93341,66.3832,23.7834,34.7061,10,119.796,1103.36,135,172,0.773256,,101.556,65.406,19.7258,21.9461,7,54.9641,226.4,,41.3506,68.7764,22.3058,25.5068,8,76.9697,327.535,182,241,0.755187,,20.4855,64.5995,19.4362,22.5539,8,83.6567,319.303,38,107,0.35514,,85.0619,65.8088,21.5741,25.8042,8,112.6,432.881,89,322,0.276398
23.1932,71.9088,25.8511,30.8873,11,94.2852,516.555,128,168,0.75,,100.308,65.5753,19.8336,23.0626,8,67.2444,329.803,,23.6736,70.1621,21.0272,25.2574,7,111.249,431.598,188,255,0.737255,,48.6202,69.2501,23.8529,28.1008,10,90.7285,433.883,60,142,0.422535,,,,,,,,,,,
29.732,65.4381,25.2408,28.7658,11,64.818,359.761,122,149,0.805369,,100.212,63.8722,19.3575,21.2874,7,53.7979,196.335,,23.733,72.0559,24.7936,29.2965,8,114.364,456.256,178,266,0.669173,,61.224,65.5686,20.737,25.5627,9,93.4999,491.211,83,130,0.638462,,127.968,65.3414,20.0407,23.9442,8,96.5457,399.151,108,383,0.281984
16.549,71.0926,28.7456,34.6222,10,128.603,592.009,138,152,0.894737,,100.727,68.4415,21.2237,23.8533,8,78.0115,267.936,,33.0912,66.1445,22.7501,26.4203,8,79.41,373.849,205,259,0.791506,,67.3964,69.2456,27.7033,32.3715,11,91.0913,479.003,88,194,0.453608,,131.695,69.1756,20.8126,24.6012,8,102.736,387.731,100,457,0.218818
8.03713,65.2741,20.0516,29.126,7,119.681,936.153,134,160,0.825,,101.534,68.1545,19.8096,22.3862,7,73.6699,260.297,,38.4853,66.6989,23.4865,27.5942,9,84.5552,418.136,182,234,0.777778,,22.2442,71.9006,32.2024,38.3221,13,117.449,626.715,39,97,0.402062,,196.64,64.2716,20.3072,24.0315,8,72.693,383.073,124,514,0.241245
19.8941,71.8597,35.2797,40.309,13,102.792,512.059,117,165,0.69697,,100.22,66.9774,22.455,26.0096,8,97.1828,359.391,,75.6542,65.3823,20.5737,23.4811,7,75.2965,294.811,186,255,0.729412,,28.5241,73.9798,26.5703,32.5961,13,128.74,616.071,49,119,0.411765,,,,,,,,,,,
29.4032,66.1957,24.1747,30.3626,10,88.4236,634.074,135,153,0.869281,,100.83,64.0765,20.6651,23.5482,7,77.4507,293.237,,48.4413,68.3491,22.0502,25.2564,8,68.8453,327.315,195,258,0.755814,,58.3907,69.7147,23.8608,28.7231,10,111.921,494.831,82,171,0.479532,,57.0881,64.7975,21.5994,25.351,9,82.2424,384.691,70,340,0.205882
,,,,,,,,,,,,,,,,,,,,,,,,,,,,,,,,,,,,,,,,,,,,,,,,,,
,,,,,,,,,,,,,,,,,,,,,,,,,,,,,,,,,,,,,,,,,,,,,,,,,,
,,,,,,,,,,,,,,,,,,,,,,,,,,,,,,,,,,,,,,,,,,,,,,,,,,
,,,,,,,,,,,,,,,,,,,,,,,,,,,,,,,,,,,,,,,,,,,,,,,,,,
200,0,198,199,141,0,,,,,,,,,,,,,,,,,,,,,,,,,,,,,,,,,,,,,,,,,,,,,
,,,,,,,,,,,,,,,,,,,,,,,,,,,,,,,,,,,,,,,,,,,,,,,,,,
,,,,,,,,,,,,,,,,,,,,,,,,,,,,,,,,,,,,,,,,,,,,,,,,,,
,,,,,,,,,,,,,,,,,,,,,,,,,,,,,,,,,,,,,,,,,,,,,,,,,,
19.60250895,71.949369,28.9774325,35.716788,10.895,116.893774,688.018205,130.74,156.825,0.825440875,#DIV/0!,100.810705,66.522844,21.235678,24.2643605,7.51,74.3851955,308.039735,#DIV/0!,44.48552919,68.68486919,22.76405808,26.33092677,7.97979798,87.74156818,362.7882475,185.7424242,264.4949495,0.705309384,#DIV/0!,46.18027422,67.86327186,25.92379698,31.54951005,10.75376884,106.2635714,576.2058442,62.96482412,135.0603015,0.477134216,#DIV/0!,107.365856,66.64908227,20.69719504,24.61858723,8.326241135,91.57799007,401.3870922,88.02836879,389.8085106,0.22960473
,,,,,,,,,,,,,,,,,,,,,,,,,,,,,,,,,,,,,,,,,,,,,,,,,,
,,,,,,,,,,,,,,,,,,,,,,,,,,,,,,,,,,,,,,,,,,,,,,,,,,
,,,,,,,,,,,,,,,,,,,,,,,,,,,,,,,,,,,,,,,,,,,,,,,,,,
,,,,,,,,,,,,,,,,,,,,,,,,,,,,,,,,,,,,,,,,,,,,,,,,,,
,,,,,,,,,,,,,,,,,,,,,,,,,,,,,,,,,,,,,,,,,,,,,,,,,,
,,,,,,,,,,,,,,,,,,,,,,,,,,,,,,,,,,,,,,,,,,,,,,,,,,
,,,,,,,,,,,,,,,,,,,,,,,,,,,,,,,,,,,,,,,,,,,,,,,,,,
,,,,,,,,,,,,,,,,,,,,,,,,,,,,,,,,,,,,,,,,,,,,,,,,,,
,,,,,,,,0.825440875,0.705309384,0.477134216,0.22960473,,,,,,,,,,,,,,,,,,,,,,,,,,,,,,,,,,,,,,,
