27.2762,64.0695,16.4708,52.818,8,264.573,3718.8,320,627,0.505582,,1001.5,63.8374,23.0442,26.2249,8,75.618,323.903,,2019.39,64.2848,19.7454,22.9897,7,67.4741,330.788,427,1221,0.347256,,352.822,64.6139,25.3206,31.1233,12,96.6265,593.978,135,300,0.44,,,,,,,,,,,
14.4874,63.0806,24.0599,27.3433,7,96.4835,335.783,322,640,0.498437,,1003.85,63.8963,18.4409,21.2286,6,69.4177,282.692,,630.94,66.0976,21.9815,25.2176,7,88.6055,329.252,667,878,0.756264,,18.2251,67.1199,23.8185,34.3627,8,116.284,1103.96,27,95,0.252632,,2406.92,63.8663,19.5145,23.305,7,87.9004,388.29,249,3311,0.0742978
42.2008,72.5021,28.0973,50.3811,11,235.568,2305.87,340,583,0.578045,,1000.21,65.3814,22.8505,26.0248,8,79.884,323.237,,,,,,,,,,,,,79.2407,63.949,25.2938,28.5938,8,75.4949,338.165,61,230,0.252174,,1282.05,65.9552,21.0815,24.8392,8,74.0323,385.075,203,2175,0.091954
13.3524,64.6527,22.6723,35.8915,8,157.213,1349.92,406,484,0.832645,,1000.44,63.644,19.6466,21.9738,7,50.2793,237.411,,1158.5,66.0492,20.7358,23.4663,7,69.3438,279.166,545,1004,0.539841,,25.5559,63.6344,24.064,27.364,8,84.5878,336.967,39,123,0.292683,,476.414,66.5112,20.2959,23.9227,9,83.4433,371.501,143,900,0.155556
7.35677,65.4389,23.3145,41.7422,8,181.321,1889.31,352,578,0.603806,,1002.57,66.9986,20.5774,39.4591,8,188.05,1935.59,,489.705,65.2217,21.5939,24.2682,8,56.8665,271.353,598,1011,0.588526,,166.137,64.2147,17.8888,55.9643,8,324.534,3973.83,94,265,0.343396,,,,,,,,,,,
77.716,67.8529,20.193,46.6529,8,244.236,2693.28,338,546,0.613553,,1001.81,67.3088,24.0884,27.3782,8,82.2359,335.062,,796.442,69.0648,23.4523,27.2268,8,99.7563,384.618,544,1130,0.478761,,89.3509,65.1989,24.6312,29.5214,10,93.8292,504.734,64,148,0.412162,,1941.63,63.2457,19.3855,23.018,7,84.3148,371.466,246,2862,0.0849057
15.2053,64.7538,25.7553,36.6903,8,142.583,1123.75,341,595,0.568067,,1001.98,64.4884,19.7239,22.6266,7,74.2777,295.036,,1396.61,68.6118,20.8559,23.8336,7,80.8508,302.681,549,1115,0.489686,,65.6645,63.7742,23.1868,46.1549,8,173.266,2299.87,47,149,0.295302,,,,,,,,,,,
110.094,69.2049,28.3597,33.8611,9,132.44,558.948,407,492,0.821138,,1002.31,68.2681,23.4835,27.1224,8,88.7857,370.343,,711.108,64.8344,19.1333,21.6583,6,71.8028,256.987,497,1002,0.493014,,104.246,63.3709,17.8959,50.9618,8,314.322,3358.93,59,280,0.2,,,,,,,,,,,
21.8753,64.0697,26.4037,36.8562,10,92.8057,1090.34,433,500,0.86,,1000.19,66.2054,20.2728,23.1557,7,72.0427,293.252,,573.448,68.2669,23.1109,26.846,7,108.535,378.705,506,1002,0.501996,,78.6632,63.6805,18.0369,49.4894,8,295.636,3243.01,59,184,0.304348,,,,,,,,,,,
50.0624,70.1755,26.2607,47.9462,10,236.514,2221.32,380,541,0.696858,,1000.61,68.5147,22.1995,24.4411,9,60.1782,227.681,,539.244,64.931,21.267,24.2264,7,78.328,298.465,583,1087,0.533579,,114.039,64.3318,26.0691,30.4404,10,89.5125,447.097,68,181,0.359116,,1360.98,63.9705,19.8318,23.7772,7,89.1166,404.759,257,1535,0.165472
17.0307,65.1421,22.3171,41.0149,9,220.464,1916.78,361,569,0.629174,,1000.9,66.157,20.5306,22.9537,7,62.8563,247.109,,185.696,65.7764,21.5806,24.9614,7,85.5548,342.87,633,935,0.673797,,12.2518,64.643,24.7056,41.9871,9,129.141,1776.82,21,78,0.230769,,1301.5,63.6087,20.9119,25.3721,8,88.0348,456.711,249,1979,0.124305
68.88,66.0964,26.173,30.5818,9,90.5101,448.014,382,543,0.697974,,1004.04,64.8575,24.7663,28.4773,8,80.899,377.896,,1672.06,63.7857,19.3708,21.405,7,50.918,207.773,499,1132,0.438163,,20.7905,64.2853,25.8557,29.7618,9,84.0888,400.535,28,79,0.316456,,,,,,,,,,,
41.7339,71.0799,25.0968,34.7814,9,153.404,965.733,358,561,0.632799,,1003.87,63.8289,18.9682,21.256,6,62.5479,233.094,,2195.03,68.4104,21.9868,24.8906,8,71.3929,296.506,555,981,0.562691,,191.745,64.4754,24.0689,28.6185,10,82.3872,469.221,111,272,0.397059,,,,,,,,,,,
27.2675,65.4132,20.6497,51.682,8,316.199,3169.09,360,570,0.626316,,1004.72,67.7525,21.0532,23.7096,7,70.4958,269.447,,770.549,63.9893,22.19,24.9859,8,77.5623,285.974,577,1107,0.518519,,100.119,65.4995,22.6241,36.4306,10,158.19,1433.31,69,202,0.326733,,2323.48,66.8347,19.2911,22.8453,9,82.9941,362.302,322,2323,0.137322
12.7908,64.0095,23.9181,28.2583,7,98.1001,444.016,336,602,0.553156,,1000.78,65.3923,21.5387,24.7853,7,78.7412,328.745,,,,,,,,,,,,,69.717,65.7658,21.8005,37.8107,9,144.573,1667.41,64,160,0.38125,,302.817,64.7192,20.7494,25.1569,8,96.5675,450.971,135,698,0.189112
59.8432,65.7143,23.6126,36.9959,9,154.045,1341.53,399,510,0.776471,,1001.6,63.0363,19.2106,20.9409,7,46.6392,177.697,,2252.52,63.7384,20.4348,23.0355,7,67.2784,265.635,537,1056,0.505682,,153.235,65.1651,24.0501,29.5019,10,96.5706,552.757,69,320,0.20625,,,,,,,,,,,
36.5671,72.7962,27.3113,31.7844,8,125.252,452.974,371,570,0.645614,,1003.82,66.1687,21.5852,24.932,7,81.9879,340.539,,,,,,,,,,,,,41.5421,68.5221,24.6218,58.3291,10,247.097,3517.09,44,168,0.244048,,2034.67,65.7847,19.1977,22.5812,8,76.6421,346.874,242,2570,0.0929961
20.4463,69.4914,23.5828,37.4715,9,139.716,1434.4,391,567,0.684303,,1000.82,70.3374,21.8711,25.6752,7,97.9292,386.786,,1630.98,64.1235,20.24,22.8272,7,62.507,263.784,586,1017,0.573255,,135.239,64.2455,21.7353,65.8842,11,314.23,4558.78,91,198,0.444444,,,,,,,,,,,
18.4993,67.7944,22.9893,38.8673,8,195.952,1648.97,391,549,0.70674,,1003.6,62.3394,18.4844,19.8868,7,37.6155,141.986,,258.871,63.131,21.1789,23.7945,8,55.8286,262.754,603,912,0.657895,,82.4926,64.8027,23.2536,34.0762,11,116.878,1125.4,44,230,0.178261,,,,,,,,,,,
55.9174,67.342,22.7192,55.5092,9,337.213,3367.96,383,491,0.773931,,1000.28,64.8,21.4427,24.845,8,70.2644,349.01,,1149.87,64.7515,20.3855,23.2545,7,66.0391,289.519,574,1002,0.56986,,89.3442,67.7178,25.2773,29.4702,10,98.2032,428.023,64,220,0.277273,,2364.65,64.2457,19.8298,23.1032,8,73.7373,335.346,358,2289,0.15509
195.711,64.7893,24.1412,40.616,10,139.303,1671.22,370,503,0.729622,,1003.07,64.7113,20.8747,24.0825,7,82.3623,327.39,,507.235,63.8915,21.2744,23.9318,7,71.854,269.968,555,1040,0.530769,,112.355,67.3025,27.7335,31.9303,11,85.1622,429.654,86,236,0.351695,,1942.76,66.6906,19.19,22.8633,7,90.0013,376.492,279,2468,0.111831
66.176,65.299,22.0479,38.8185,8,171.785,1718.53,366,553,0.65642,,1000.16,64.4081,19.9984,22.4697,7,63.0746,251.418,,1190.2,63.8502,22.067,25.4376,7,100.41,342.137,551,1010,0.542574,,278.773,69.9537,26.993,45.3276,11,197.852,1878.17,111,331,0.326284,,,,,,,,,,,
142.248,64.936,23.8646,37.3093,8,155.408,1398.18,354,523,0.671128,,1001.19,67.2909,23.7517,27.2119,8,89.9539,352.954,,,,,,,,,,,,,117.658,62.9319,24.3368,29.496,10,90.6555,526.658,73,273,0.25641,,825.06,66.2292,19.7026,23.2877,8,84.5109,367.131,157,1757,0.0876494
11.2941,63.6817,15.6195,52.6316,7,367.991,3804.35,342,581,0.583477,,1000.82,63.3604,17.9228,38.0126,7,206.012,2071.14,,1423.32,65.1908,21.1343,24.079,7,75.2512,299.331,546,1074,0.505587,,73.0728,63.926,25.2645,28.5407,9,74.4292,334.951,59,145,0.386207,,,,,,,,,,,
14.528,69.9003,27.6785,46.0757,9,220.849,1898.1,397,553,0.712477,,1001.71,67.8645,22.4197,25.5093,8,73.3225,314.919,,1805.88,64.2455,20.8788,23.8728,7,72.6037,306.554,482,1120,0.427679,,23.6172,64.4199,18.191,42.6684,8,250.177,2488.03,29,76,0.342105,,885.346,64.3582,19.4419,23.2252,7,96.2826,387.28,194,1406,0.135846
49.6938,66.0456,19.2005,53.3459,8,271.396,3533.72,376,563,0.662522,,1000.72,65.012,23.366,26.8035,8,77.5149,349.335,,670.889,67.8522,22.8862,25.8881,8,73.2287,305.546,593,986,0.598377,,278.025,64.7676,24.8763,29.6881,11,84.5394,491.362,140,291,0.47079,,,,,,,,,,,
15.4116,64.2105,22.9764,39.7388,7,169.506,1644.35,356,554,0.637184,,1001.43,66.2163,21.945,25.0155,8,78.7318,312.117,,1731.33,64.4018,20.3581,23.19,7,69.5341,286.407,530,1030,0.51165,,56.2674,66.7886,25.1497,50.8572,11,210.67,2685.85,53,125,0.4,,,,,,,,,,,
32.2332,63.7131,21.7959,36.5594,7,178.629,1479.06,301,676,0.440828,,1000.74,64.8372,22.3335,25.4911,8,69.1375,320.554,,583.747,67.2978,21.8033,25.1601,7,94.4147,340.055,637,966,0.656315,,24.1464,64.1296,25.0309,28.4231,8,93.3744,346.535,36,112,0.294643,,1260.42,63.9783,21.8485,27.0146,8,104.341,529.027,300,1110,0.267568
26.3082,67.3386,24.1655,49.9658,9,203.468,2690.16,354,549,0.639344,,1000.98,67.4886,21.5549,46.3188,8,195.899,2583.86,,147.44,68.6721,21.7432,24.9087,7,90.3664,321.651,631,856,0.733645,,118.284,69.572,30.446,35.3572,11,119.261,504.159,62,179,0.329609,,101.648,63.5064,20.4523,24.6241,8,86.2543,427.805,75,358,0.201117
41.8537,67.0341,22.9052,40.2562,8,195.059,1719,297,610,0.481967,,1000.61,64.5788,24.7204,28.3021,8,79.8039,362.804,,1612.46,63.4379,19.0957,20.9605,7,47.563,189.867,505,1149,0.436902,,57.227,63.4039,23.7898,41.3099,8,175.365,1809.42,51,153,0.313725,,782.876,65.1227,20.2675,24.0453,8,77.9158,387.102,174,1307,0.130834
41.887,74.5327,25.3501,55.0233,9,289.532,3067.91,392,543,0.71639,,1003.85,66.8313,21.5865,38.1225,8,167.69,1694.33,,,,,,,,,,,,,43.6286,63.9763,26.7945,30.4373,9,86.8217,372.395,54,102,0.5,,1995.15,67.6116,23.2486,28.2901,10,112.721,515.624,282,2254,0.12378
111.424,65.3029,23.5328,27.9522,8,101.909,445.687,362,527,0.681214,,1001.43,64.1518,21.9884,25.0009,8,70.5193,305.481,,848.97,66.4964,20.7753,23.0507,7,61.1683,230.727,545,1147,0.472537,,267.138,63.6462,18.1949,47.1368,8,245.753,2933.32,136,335,0.397015,,1385.6,65.2736,19.8285,23.76,7,94.6062,402.95,241,1575,0.151111
22.6877,67.8739,23.0277,41.2391,8,222.967,1873.38,327,584,0.554795,,1000.71,63.9931,19.6354,22.2487,7,59.9546,268.119,,1148.25,64.4185,20.1926,22.9435,7,71.9361,280.629,551,946,0.579281,,399.484,70.6073,26.8007,57.2448,11,200.17,3100.27,144,332,0.424699,,,,,,,,,,,
41.8485,65.0221,18.9866,50.0335,8,241.099,3205.51,372,545,0.677064,,1002.21,67.6656,23.9097,27.7354,8,91.224,389.86,,1114.43,67.4464,22.3998,25.6873,7,94.6846,333.155,606,975,0.618462,,317.994,65.9914,23.3881,28.0109,10,99.0369,473.643,132,364,0.354396,,2036.64,67.1171,20.7364,24.5074,8,102.831,385.055,286,1803,0.156961
14.916,65.0277,22.1227,41.6914,7,248.569,2009.07,339,549,0.612022,,1001.11,65.2386,22.561,25.7968,8,73.9627,330.398,,1260.42,64.6367,21.092,24.0248,7,82.5802,298.466,495,1057,0.465468,,60.5112,64.9468,24.1626,44.8484,8,171.46,2134.65,47,156,0.282051,,2480.17,69.1739,23.6023,28.3187,9,101.281,484.037,327,2332,0.138937
21.3408,69.4069,27.5524,32.8099,9,114.997,540.825,382,532,0.712406,,1000.87,66.2139,23.2994,27.0483,8,91.7514,383.854,,985.062,64.2388,19.9509,22.2749,7,61.1919,236.25,538,948,0.564346,,58.4941,64.6467,21.6333,41.4906,8,172.298,2083.39,51,157,0.305732,,,,,,,,,,,
12.5069,63.7825,15.0347,71.6665,7,427.608,5850.85,374,584,0.635274,,1002.14,66.0707,21.7815,25.1801,7,88.6838,344.888,,989.799,63.3721,20.6218,23.0261,7,63.0598,244.174,561,1035,0.53913,,113.515,68.7975,24.9879,39.9183,11,174.861,1545.48,77,201,0.368159,,1842.63,67.6516,20.6451,24.5933,8,88.5228,404.085,296,2058,0.142371
106.108,64.4062,22.5942,32.0765,9,117.761,969.135,323,583,0.548885,,1001.8,66.4469,22.876,27.4878,8,100.659,466.443,,848.443,65.1533,20.0828,22.7281,7,69.5682,268.39,485,1080,0.446296,,322.912,63.6447,26.0494,29.833,9,82.8336,384.175,150,375,0.392,,,,,,,,,,,
30.6939,69.4013,26.8428,48.5397,9,238.075,2241.33,344,534,0.638577,,1001.45,64.1165,22.6758,25.5542,8,65.0827,294.332,,703.222,62.9132,20.0563,22.5505,7,69.7183,253.361,590,974,0.602669,,170.671,65.5732,25.7668,29.9043,9,97.6267,419.924,75,349,0.206304,,1980.24,63.7081,21.7664,25.6394,9,76.1,398.388,276,2455,0.111202
60.5754,67.3903,20.5142,65.913,8,351.667,4639.77,361,547,0.654479,,1000.71,65.4054,23.0975,26.1544,7,86.8269,309.282,,1007.36,65.2836,24.7584,27.8371,10,63.1048,314.052,513,1111,0.459046,,361.123,64.7064,26.0942,31.1367,11,90.0299,514.586,124,342,0.353801,,674.717,65.4674,20.9841,25.0371,8,89.9455,415.612,159,1295,0.120463
57.147,65.8488,18.4396,44.9831,8,291.7,2639.23,363,547,0.658135,,1003.43,64.396,19.8587,22.2801,7,59.2224,246.294,,130.849,64.8697,20.5211,23.9439,7,74.6585,345.522,638,930,0.682796,,29.3428,63.5105,17.7103,29.3043,7,168.108,1179.85,43,105,0.380952,,295.573,67.0571,20.7541,25.0199,8,107.096,436.662,140,642,0.213396
66.2736,65.3824,28.1448,32.1553,9,91.1873,405.028,359,523,0.680688,,1003.09,63.4019,18.9479,20.7719,7,43.7341,184.523,,830.316,66.6125,21.4993,24.2838,7,80.1775,283.971,559,983,0.565615,,162.203,70.6904,23.9878,57.0598,10,208.756,3403.05,83,259,0.30888,,1689.95,64.4429,18.0741,21.2983,7,72.2401,330.445,260,2111,0.121743
63.988,65.6021,21.8991,56.3231,9,246.818,3615.52,389,519,0.743738,,1001.79,63.4981,18.8344,21.3129,7,55.5664,251.735,,1029.86,64.0601,20.5523,22.9748,7,65.1655,246.185,523,1093,0.475755,,48.5649,65.8716,25.9741,29.9077,9,91.7321,401.992,38,136,0.257353,,,,,,,,,,,
63.764,64.2589,22.5258,44.6115,9,211.032,2260.18,372,517,0.713733,,1001.12,66.0791,21.4705,24.9378,8,72.0016,352.611,,1359.7,66.1483,19.5499,21.9841,6,69.312,247.209,524,1067,0.488285,,81.7365,67.7451,22.0328,61.2223,9,262.003,4103.97,56,191,0.277487,,,,,,,,,,,
30.3711,66.8114,24.6358,37.728,8,125.336,1350.42,373,539,0.686456,,1003.35,67.4315,21.5997,24.9661,7,83.9155,342.063,,1063.16,67.113,19.4688,21.8764,6,74.4432,245.707,496,1157,0.426102,,57.8299,69.1447,25.2796,41.5938,10,178.513,1631.52,61,159,0.36478,,2419.35,66.43,20.8144,24.8519,8,105.526,411.135,326,2334,0.138389
34.1712,66.0232,21.9766,38.753,8,203.693,1699.48,348,564,0.611702,,1002.84,64.5009,20.2441,22.6195,7,60.2176,241.241,,255.227,64.2052,22.334,25.9119,8,85.7699,365.265,624,972,0.638889,,22.9077,65.5904,19.0214,77.2733,9,427.39,6087.08,36,115,0.286957,,1988.08,67.4465,21.9101,26.0122,9,86.373,421.997,230,2980,0.0761745
46.2619,68.1475,24.0393,43.3071,9,233.471,1930.13,400,519,0.764933,,1003.8,71.7944,23.1854,26.2705,8,81.4859,315.81,,406.81,68.8326,22.1425,25.4922,7,92.6436,339.573,566,988,0.569838,,118.136,65.3078,24.1632,27.8555,10,78.5424,378.457,72,195,0.353846,,,,,,,,,,,
29.5398,70.3701,20.4305,40.4385,8,244.822,1973.65,397,566,0.696113,,1003.49,64.9343,20.0087,22.3569,7,65.7713,238.828,,2215.76,64.8125,18.5858,20.4242,7,44.9241,187.573,495,990,0.49697,,252.053,65.8095,22.7968,41.5877,10,170.866,1965.26,130,344,0.369186,,1906.77,63.4764,19.5355,22.9357,8,68.6825,349.077,275,2450,0.11102
29.1206,67.3172,24.3265,39.5847,8,188.272,1582.88,368,558,0.654122,,1002.59,64.2722,21.5291,24.4736,8,71.4453,299.305,,,,,,,,,,,,,119.372,66.0253,23.0706,26.3126,8,87.9336,329.847,72,204,0.338235,,835.347,63.1652,18.9127,22.4463,7,62.2575,361.722,189,1424,0.130618
28.6012,67.0612,22.2025,43.7736,9,215.248,2208.22,355,542,0.649446,,1002.82,65.8335,20.2735,22.8085,7,64.6411,257.645,,,,,,,,,,,,,163.382,66.6783,25.808,31.1755,11,113.238,550.149,104,260,0.388462,,1315.62,68.1719,21.5836,26.3656,7,113.098,488.058,258,1756,0.145216
29.4847,62.4104,17.6448,46.66,6,281.135,2963.68,354,568,0.617958,,1000.26,65.5435,20.6566,23.4194,7,75.7858,281.357,,1048.07,73.448,24.49,28.7437,8,117.638,430.484,531,1042,0.506718,,510.992,64.7419,20.8392,62.6922,8,299.879,4368.61,182,395,0.453165,,,,,,,,,,,
16.759,71.3879,25.0698,36.3358,7,156.9,1166.3,347,539,0.638219,,1003.08,70.0753,21.9389,24.8653,7,82.5486,297.998,,334.336,64.9987,20.2996,23.1715,7,69.4019,290.845,615,924,0.662338,,74.5465,66.4512,28.172,33.3342,11,114.4,528.286,57,239,0.225941,,2001.52,64.7059,18.6281,22.0182,7,81.7877,346.338,219,3044,0.0709593
19.473,66.1953,23.6174,42.3162,9,200.395,1920.78,398,511,0.772994,,1001.17,63.4464,19.8099,22.275,7,59.5964,249.561,,2071.38,69.3124,24.3663,27.8439,8,92.2071,352.405,525,974,0.535934,,115.575,64.1103,25.0979,29.9736,10,96.3315,499.783,79,197,0.385787,,,,,,,,,,,
23.025,68.1738,28.1168,32.22,9,100.53,416.781,420,518,0.805019,,1002.6,63.3262,20.2363,22.6304,7,64.017,242.347,,683.584,66.0825,20.9876,23.7428,8,63.9545,278.723,513,1032,0.494186,,160.781,68.9571,23.7175,46.2209,10,227.484,2310.45,97,233,0.403433,,2114.51,63.0621,19.4055,22.9345,8,81.9632,362.3,338,2639,0.126942
45.7556,66.5194,22.6238,40.5831,9,201.002,1875.3,334,561,0.590018,,1002.38,66.4831,20.2454,38.0269,8,203.407,1854.87,,,,,,,,,,,,,104.517,64.5014,23.0511,26.9203,8,95.6321,397.176,72,197,0.350254,,510.923,65.0022,19.8655,23.5227,9,73.2178,373.5,180,1157,0.152982
17.2493,64.1219,21.398,37.3714,6,186.137,1649.92,379,571,0.658494,,1002.52,64.4154,19.4172,21.6273,7,58.3172,226.153,,1245.68,63.9607,19.9808,22.0018,7,50.7827,204.45,582,969,0.597523,,89.4431,66.1054,21.8889,44.8197,10,237.462,2389.06,59,209,0.267943,,1119.6,64.6208,21.7536,25.722,9,76.7071,407.277,228,1823,0.123423
15.3374,65.5542,28.1132,32.5395,9,88.7203,454.173,381,530,0.713208,,1002.16,64.052,21.3715,24.1363,8,67.5784,282.386,,1268.62,67.9388,22.1988,25.7031,8,83.0576,358.003,513,1109,0.459874,,128.536,65.8449,27.4843,32.6812,11,102.299,533.297,78,221,0.339367,,,,,,,,,,,
15.8208,63.7629,19.9356,48.4427,8,244.062,2877.73,285,665,0.42406,,1001.32,63.52,20.0618,37.577,7,170.279,1762.47,,1182.88,68.1375,22.4224,25.2875,8,73.5633,290.902,587,1049,0.556721,,173.782,64.9912,25.6895,30.0896,10,85.476,449.529,95,302,0.304636,,,,,,,,,,,
41.1105,70.7537,25.8202,50.4619,10,226.703,2557.58,382,546,0.694139,,1001.62,72.2968,30.0241,34.9649,10,104.961,501.004,,832.675,65.9115,22.2793,24.9452,8,76.4818,271.33,550,1072,0.510261,,69.6705,67.882,22.6729,39.1079,9,168.644,1717.71,49,202,0.227723,,1304.04,64.7662,19.7303,23.2884,8,88.394,364.758,193,2134,0.0890347
91.7564,64.4811,26.1418,30.1367,8,98.1187,406.772,336,592,0.5625,,1000.96,63.7577,24.784,28.7729,9,90.5076,405.97,,444.225,64.0582,19.5393,21.7811,7,57.733,229.073,585,1039,0.560154,,10.2884,68.4618,25.4645,38.6056,11,150.516,1361.42,25,74,0.297297,,2354.53,65.3202,19.8676,23.7603,7,87.5412,398.314,286,3019,0.0937396
27.4859,67.8894,25.1485,30.0815,8,119.365,503.39,361,573,0.624782,,1004.34,64.1579,21.0958,23.8015,7,73.5397,274.608,,1382.5,74.1835,24.5854,28.2063,9,90.1887,369.644,493,1000,0.49,,119.139,68.8031,26.6602,31.7586,11,108.496,522.42,64,215,0.283721,,968.15,64.284,21.2827,26.3281,8,105.938,517.974,186,1578,0.11597
6.35619,62.9714,25.3395,27.5082,7,68.7086,221.607,382,544,0.696691,,1000.26,66.9898,19.6102,21.6354,7,50.9411,205.632,,1557.33,64.4397,19.4384,21.7236,7,56.0001,233.088,528,1146,0.458115,,210.358,63.248,23.2819,26.5612,9,77.3576,334.113,95,323,0.28483,,193.713,64.8859,20.0447,23.6979,8,70.8919,374.662,124,493,0.245436
47.2139,64.4758,24.3778,42.4747,9,186.25,1881.19,387,531,0.723164,,1001.29,64.0799,18.9263,21.0228,7,49.3941,213.76,,1188.88,66.2769,20.4471,23.5552,7,73.3691,313.912,492,1152,0.424479,,49.6532,63.6131,20.1268,42.5554,11,182.614,2340.05,49,164,0.280488,,,,,,,,,,,
28.8238,67.8465,19.3237,64.8822,8,409.883,4658.9,372,563,0.655417,,1004.2,63.9259,19.5831,22.1316,7,59.7793,260.737,,,,,,,,,,,,,181.889,64.3705,25.8311,29.5395,10,74.4196,380.023,103,260,0.384615,,,,,,,,,,,
19.8612,64.2236,17.396,58.0662,8,339.032,4165.96,369,559,0.654741,,1000.56,63.8105,19.5526,21.8263,7,52.4897,231.266,,279.616,65.6809,22.5546,25.6117,8,75.327,310.797,619,927,0.664509,,10.7065,64.9887,22.5383,36.0897,8,156.371,1381.01,24,83,0.253012,,2464.35,63.8944,18.6268,21.9293,7,80.1217,338.033,344,2100,0.162381
13.0974,67.5554,30.0749,34.6378,9,117.658,464.321,426,499,0.847695,,1000.32,65.6129,24.892,28.3653,8,91.9918,353.302,,915.888,68.4086,21.7227,23.9346,8,53.5966,223.764,584,967,0.600827,,29.5727,64.0612,22.1996,42.2644,9,157.612,2064.09,31,117,0.239316,,,,,,,,,,,
31.1835,66.2022,26.2947,44.028,9,170.376,1823.94,340,556,0.606115,,1003.38,64.184,22.4888,39.3003,8,151.749,1729.66,,602.912,64.3767,18.2772,20.5902,6,67.1857,234.331,579,966,0.596273,,62.9878,62.6692,19.423,34.147,8,207.11,1501.03,67,157,0.407643,,1536.4,63.8976,19.2499,22.9353,7,83.3739,377.966,297,1860,0.158065
84.2149,64.8636,20.2674,49.13,9,264.629,2982.12,333,575,0.573913,,1000.26,74.3585,28.8021,32.7873,9,106.418,403.179,,1150.06,64.8734,21.4834,24.6403,8,73.8148,322.447,543,1086,0.497238,,36.8246,63.6952,20.7549,53.1018,8,223.39,3392.1,42,163,0.239264,,,,,,,,,,,
36.5894,65.3054,24.262,28.1503,8,83.7872,393.069,373,606,0.610561,,1002.35,65.8446,19.7933,22.056,7,57.8532,231.203,,595.635,68.6639,21.759,24.935,7,87.0436,323.65,597,1083,0.548476,,101.429,66.1162,26.5534,31.4516,11,104.597,499.892,61,191,0.303665,,,,,,,,,,,
24.4038,71.4207,26.1391,55.6876,9,313.714,3067.34,389,553,0.698011,,1005.07,64.6229,22.0161,25.0411,8,75.4922,309.97,,1506.29,72.1849,22.7024,26.3357,7,99.8154,369.506,532,1089,0.485767,,139.283,64.0169,25.3153,29.4855,10,87.6889,430.067,82,239,0.330544,,1979.36,66.9585,19.6976,23.2248,8,74.4556,361.21,280,2382,0.116289
47.2154,73.8406,28.3552,32.2875,8,113.703,397.708,355,534,0.659176,,1002.99,73.8406,28.3552,32.2875,8,113.703,397.708,,1056.41,69.9935,22.1216,25.7079,8,89.4291,367.52,505,1134,0.442681,,89.4933,63.207,22.5145,32.3911,8,109.496,1010.1,61,234,0.247863,,906.569,63.5538,20.0743,24.1123,8,84.4866,414.548,217,1334,0.16042
12.5262,63.2126,19.881,38.4563,7,220.096,1912.97,385,550,0.694545,,1000.33,63.2292,17.1761,35.6846,7,210.744,1905.86,,486.861,65.0234,20.6319,23.7404,7,76.3302,314.545,564,973,0.576567,,255.98,69.2412,24.0542,40.4089,10,185.527,1669.84,120,350,0.334286,,1563.6,69.823,23.2481,27.983,10,121.888,483.336,257,2121,0.119755
72.6134,63.4228,20.7519,35.0184,8,155.23,1470.09,341,577,0.585789,,1001.15,63.4228,20.7519,35.0184,8,155.23,1470.09,,486.904,70.7859,23.1196,26.3886,8,80.7357,333.39,564,1048,0.535305,,167.619,68.7917,24.1868,28.8178,9,111.071,472.012,89,211,0.407583,,,,,,,,,,,
39.6089,63.8773,25.7759,28.9601,8,84.4815,321.277,423,527,0.796964,,1005.01,65.878,20.4651,22.7659,7,63.149,234.92,,706.41,74.4508,24.9258,28.5962,9,89.4772,375.304,524,986,0.528398,,138.508,65.8132,25.4385,30.2734,10,98.7616,494.71,90,258,0.337209,,,,,,,,,,,
19.1386,68.5582,23.0154,44.6248,9,235.124,2231.61,365,570,0.635088,,1002.72,64.8951,21.2842,24.6579,7,86.147,342.467,,595.798,63.4132,18.4493,20.5107,6,60.102,207.769,578,1072,0.536381,,69.3156,66.0483,24.396,39.7315,10,170.608,1588.99,64,142,0.429577,,,,,,,,,,,
98.1388,69.0964,28.3233,42.2395,10,179.135,1429.48,405,508,0.791339,,1001.93,63.2208,21.3653,24.0244,7,62.196,269.497,,1149.54,63.7861,19.1661,21.9126,7,59.2428,279.796,505,1033,0.485963,,49.0124,64.8849,22.7936,48.0005,10,233.492,2644.25,59,157,0.356688,,,,,,,,,,,
9.817,70.0367,25.1148,39.5105,9,179.539,1455.35,364,591,0.610829,,1000.57,66.2197,21.7761,24.8771,7,83.9739,317.209,,773.707,68.1229,23.0042,26.3672,8,79.0691,342.058,595,985,0.601015,,110.743,65.2179,21.2778,40.0526,8,228.66,1862.77,63,165,0.363636,,904.923,64.8339,18.8153,21.9072,8,75.4037,316.824,241,1231,0.193339
27.9504,65.6658,25.2149,30.3264,8,124.378,519.251,345,591,0.57868,,1000.34,65.1483,22.3653,26.4502,8,89.7899,414.289,,896.072,64.3893,20.2379,22.3534,7,56.9885,213.332,552,1109,0.495041,,144.861,63.7643,20.8431,30.7066,8,99.1221,998.094,76,261,0.279693,,,,,,,,,,,
39.7019,66.1426,26.6039,30.5243,8,95.5839,399.644,335,574,0.578397,,1000.94,66.0928,24.2524,27.1649,8,69.9996,297.454,,1715.86,70.057,21.715,25.0479,7,94.0327,339.683,482,1026,0.466862,,107.884,64.5172,24.7937,27.9205,8,73.8564,318.586,79,194,0.391753,,,,,,,,,,,
26.8674,67.2185,21.4595,49.0583,9,285.622,2819.58,343,536,0.634328,,1000.38,66.1843,21.6891,34.053,8,131.935,1248.87,,837.389,63.612,20.0555,22.4488,7,58.461,244.184,615,1026,0.596491,,58.8242,64.1672,18.6812,44.8544,9,247.881,2710.22,60,211,0.270142,,,,,,,,,,,
31.226,64.481,22.7728,43.1156,9,215.471,2094.05,332,587,0.560477,,1003.03,64.2479,21.9395,42.1661,9,217.184,2083.53,,,,,,,,,,,,,114.371,65.9097,24.858,28.0352,8,93.0459,321.915,91,190,0.463158,,,,,,,,,,,
11.701,65.8386,24.5553,44.8508,8,225.901,2090.29,386,580,0.660345,,1002.54,65.3426,21.868,25.6405,8,77.6017,381.991,,602.851,76.4903,23.9495,27.4171,8,98.8394,353.294,530,1064,0.495301,,76.9266,65.6839,24.5609,27.7637,8,84.7788,327.546,54,205,0.24878,,,,,,,,,,,
15.8506,71.8124,29.4203,33.3491,8,117.124,400.635,380,518,0.727799,,1004.61,65.66,23.172,27.0328,8,93.277,393.828,,1194.11,64.1669,20.0037,22.3116,8,48.2056,235.223,575,1012,0.565217,,242.446,71.5824,28.9348,35.2703,12,124.436,649.223,110,265,0.403774,,1320.47,63.8612,19.1742,22.5195,7,84.5741,342.665,278,1183,0.23246
11.764,69.6396,26.4026,40.6773,9,164.463,1485.15,353,553,0.632911,,1001.83,67.386,24.1202,38.005,9,151.354,1446.21,,369.928,65.8622,20.3501,23.4268,7,75.4628,312.766,593,938,0.628998,,69.0466,65.8972,26.7305,30.752,10,88.3494,409.831,55,179,0.290503,,,,,,,,,,,
10.8679,66.8563,25.5732,29.1784,7,102.789,366.901,359,588,0.605442,,1000.16,67.9091,23.2512,26.7503,8,85.1325,357.385,,932.637,73.5984,24.1954,27.4004,8,92.1934,325.326,532,1101,0.480472,,46.8084,66.1323,27.2054,31.0432,9,104.389,391.326,42,193,0.202073,,,,,,,,,,,
12.3256,68.7379,28.347,30.9497,7,83.9117,264.619,372,549,0.672131,,1000.48,63.2504,21.0071,23.743,8,64.9908,277.588,,2025.2,64.9265,19.801,22.0196,7,59.0648,225.489,461,1106,0.414105,,57.5844,65.282,20.7447,35.3687,9,119.58,1547.48,56,134,0.395522,,1164.55,65.9885,21.9621,26.518,9,101.471,467.217,196,1965,0.0982188
59.6854,71.2651,25.1287,47.1578,10,213.527,2266.53,347,544,0.632353,,1001.95,65.0367,19.7571,22.2703,7,56.6426,258.227,,2235.78,74.7576,27.6546,32.0351,10,109.129,444.796,523,971,0.53553,,55.1438,65.1984,24.3567,27.6011,8,80.7883,332.837,50,153,0.30719,,878.786,66.6111,19.8241,23.9977,8,113.479,425.255,200,1454,0.135488
28.7611,62.6985,21.1093,36.1599,6,171.663,1544.28,340,587,0.574106,,1002.34,69.4811,25.9332,30.1353,8,108.859,426.875,,805.613,65.6727,19.7937,22.6468,7,77.4971,289.687,609,1005,0.602985,,119.375,68.1684,24.9032,48.4474,11,177.801,2477.65,70,228,0.29386,,1688.43,63.7604,20.1199,24.4266,7,93.6401,441.695,209,2700,0.0762963
15.92,64.6258,25.0377,29.001,9,89.6831,402.794,364,554,0.651625,,1003.28,66.929,23.8004,27.3333,8,81.036,357.507,,1196.93,63.7456,19.4514,21.5666,7,54.5919,214.556,563,1044,0.536398,,131.395,66.1784,25.411,45.7174,11,150.844,2102.36,95,219,0.420091,,2279.25,65.6455,19.9192,23.2989,8,80.1597,345.636,272,3057,0.0879948
15.3901,68.4999,20.9154,49.2016,9,251.787,2934.28,366,593,0.612142,,1001.65,64.8771,20.6223,23.4748,7,72.9411,290.304,,741.901,63.456,20.9533,22.861,8,46.4216,194.419,553,1000,0.55,,111.732,63.5815,24.239,28.1745,9,91.2495,403.462,72,256,0.269531,,1848.36,65.4179,18.6033,21.9171,7,78.3756,339.403,291,1899,0.151659
37.2871,68.3472,24.0858,42.9115,8,180.179,1941.9,377,548,0.682482,,1000.6,68.2358,20.8257,23.278,7,68.6905,249.272,,562.123,63.4895,20.2834,22.4065,7,49.7508,215.085,625,922,0.67462,,7.41171,63.3876,24.8286,27.8033,8,77.4908,304.885,15,94,0.12766,,,,,,,,,,,
19.3089,70.351,25.622,37.4224,9,148.288,1225.44,387,542,0.708487,,1000.84,64.0873,21.512,23.976,7,69.2678,251.241,,382.031,63.7094,20.6151,23.2185,7,67.8967,263.152,586,974,0.598563,,127.185,64.565,27.3319,30.2887,9,68.6219,303.055,71,269,0.252788,,,,,,,,,,,
25.5108,71.3306,27.7754,32.6229,9,119.753,494.313,334,600,0.551667,,1002.88,67.3774,26.2715,30.4177,9,101.355,421.355,,1023.06,64.9373,21.8456,25.0829,7,86.8062,328.762,567,1075,0.524651,,95.9678,64.2036,24.1433,27.5418,8,87.6093,347.005,57,231,0.233766,,599.79,63.3767,18.4777,22.0286,8,78.679,364.283,127,1560,0.0794872
9.22311,67.4633,25.6232,30.2689,8,109.975,474.724,392,537,0.724395,,1003.51,64.4394,21.0756,23.3173,8,53.1934,228.774,,585.512,64.5775,21.8089,24.7898,7,72.3343,303.142,633,919,0.685528,,50.8734,63.8055,25.2426,28.3378,10,70.5995,315.165,55,133,0.390977,,,,,,,,,,,
31.7156,67.205,25.0736,40.1871,9,179.706,1528.29,345,591,0.57868,,1002.74,66.4465,22.032,25.7069,8,77.7504,373.557,,,,,,,,,,,,,58.1815,66.8651,27.0954,31.7071,10,101.66,474.113,55,134,0.38806,,1571.31,65.4881,20.6133,25.0602,8,92.0223,453.97,294,1458,0.199588
37.8271,64.9406,17.2679,58.2594,8,312.6,4258.2,322,627,0.508772,,1001.63,64.2716,19.1517,48.9464,8,237.339,3103.55,,1433.58,63.7414,18.92,20.9577,7,48.6008,205.316,538,1087,0.49218,,163.071,64.4931,21.223,28.1531,10,88.453,722.636,107,257,0.404669,,,,,,,,,,,
61.8183,67.5772,27.3187,30.8561,8,87.571,360.717,377,518,0.722008,,1002.9,63.066,20.9233,23.8988,6,87.4699,304.039,,453.678,68.7744,23.1127,26.8077,8,89.2397,376.49,550,1020,0.536275,,427.756,65.3601,24.0247,45.9105,10,187.379,2262.57,129,477,0.264151,,668.354,64.2453,20.0053,23.4904,8,71.4121,356.929,220,984,0.220528
65.1372,62.7489,22.4411,26.5846,8,87.9208,415.506,360,569,0.627417,,1002.86,68.6402,21.8857,25.0011,7,86.5047,316.267,,1424.8,65.3694,20.7935,23.6742,7,69.9744,293.692,507,1144,0.440559,,178.094,69.4163,25.54,56.2771,12,223.806,3107.37,96,272,0.341912,,,,,,,,,,,
14.1328,64.2138,24.5251,40.0469,8,172.365,1609.56,320,650,0.487692,,1002.89,65.1617,21.0067,35.9798,9,157.632,1552.66,,572.401,64.371,18.257,20.2352,6,57.7092,199.871,528,1064,0.493421,,11.0006,63.678,20.9567,45.8308,8,194.778,2623.98,15,71,0.169014,,1517.75,63.0066,19.8436,23.1832,8,70.4266,342.544,251,1829,0.135593
67.9222,62.9606,21.6374,31.3005,8,113.704,979.376,377,512,0.730469,,1001.37,67.7152,23.3143,27.2346,8,96.278,396.659,,1882.76,63.206,21.254,23.9761,7,75.5044,275.69,476,1099,0.430391,,185.529,67.569,17.6489,63.039,8,383.914,4747.21,97,315,0.298413,,1990.02,66.1775,20.8959,24.6837,9,74.9262,389.568,297,2493,0.11793
22.0401,63.2605,23.4703,27.4656,9,82.7916,404.727,375,528,0.704545,,1004.36,64.5591,20.515,23.1268,8,59.5635,265.498,,1052.25,63.4968,19.3327,21.7925,7,59.6221,250.793,582,956,0.605649,,120.325,65.1105,18.2352,47.7727,8,297.556,3064.09,80,187,0.411765,,1148.6,67.2095,20.0251,24.0574,7,101.689,412.256,217,1760,0.121591
14.1012,69.292,26.9459,30.9978,8,109.149,414.266,398,559,0.706619,,1003.38,68.6174,25.3925,29.0015,8,92.3362,367.144,,1108.01,62.9594,19.4515,21.94,6,72.5602,254.335,558,1055,0.526066,,14.5781,63.2802,20.1006,64.4721,8,328.785,4584.65,25,105,0.209524,,1019.22,68.9183,20.7578,24.5896,8,103.664,391.098,218,1876,0.114606
49.2844,65.737,23.0167,27.9637,8,106.926,501.582,321,624,0.509615,,1003.59,64.7861,19.7446,21.9033,7,51.7165,222.197,,1349.13,66.9385,19.7591,22.1562,7,66.3197,244.789,528,1158,0.453368,,141.539,64.7563,20.022,34.3058,9,176.558,1463,74,271,0.261993,,,,,,,,,,,
59.3202,69.0782,25.8025,49.8526,10,205.291,2474.04,384,496,0.768145,,1001.8,64.9163,23.3177,37.538,9,139.814,1480.27,,847.174,66.2609,21.2554,24.2731,7,80.2098,305.844,580,1104,0.522645,,78.7872,65.7981,26.0657,31.7759,11,107.354,586.697,57,192,0.28125,,1782.16,66.7358,22.6902,27.4624,9,101.727,489.53,256,2517,0.100516
43.1658,64.5097,26.0151,29.2929,8,87.3949,330.466,329,603,0.54063,,1001.57,64.1051,24.2867,27.5537,8,78.7536,331.641,,1344.9,65.3372,19.8589,22.0308,7,60.9317,219.994,587,937,0.623266,,162.722,63.9316,24.337,28.2327,9,89.0424,399.207,88,240,0.354167,,1138.57,67.5703,20.8777,25.0945,8,92.2912,431.983,208,1800,0.113889
25.6057,65.7536,25.0344,29.348,8,103.304,437.191,348,616,0.560065,,1001.04,64.894,23.5651,28.2334,8,103.617,474.881,,1389.53,65.4406,21.4556,23.7303,8,55.6844,229.758,514,1168,0.4375,,189.922,64.6613,22.2406,38.3459,10,130.047,1703.04,91,257,0.342412,,,,,,,,,,,
30.0275,66.6602,21.3264,50.0159,9,277.05,2956.17,359,575,0.61913,,1001.01,70.7572,23.7621,27.2557,8,82.8964,352.613,,370.888,68.3561,22.5843,26.8141,8,95.8258,433.506,609,1012,0.598814,,169.499,66.712,20.6852,51.9824,10,264.692,3258.02,82,241,0.327801,,1177.99,64.725,18.9714,23.1735,7,88.1028,430.221,224,1561,0.141576
23.2243,67.0762,23.7875,40.4709,7,214.976,1709.49,306,648,0.467593,,1000.84,63.2005,25.0126,27.2456,8,57.8095,226.045,,1067.49,62.9426,19.4133,21.4899,7,50.2219,210.78,536,1133,0.470432,,72.6859,64.5886,24.9908,29.5633,10,98.9604,465.133,72,192,0.359375,,,,,,,,,,,
11.209,63.3795,22.0736,25.763,8,83.9898,373.033,384,545,0.699083,,1004.28,63.3795,22.0736,25.763,8,83.9898,373.033,,950.938,64.5731,21.0225,23.9501,8,76.8838,298.301,575,1044,0.547893,,35.6193,66.6685,26.6601,31.7381,11,106.162,519.512,42,120,0.325,,882.208,64.4768,20.5604,24.5805,8,81.4817,412.216,177,1433,0.121424
23.7064,67.8903,24.0494,42.9513,8,198.329,1951.09,355,600,0.586667,,1003.57,68.2315,21.6528,40.6864,8,200.628,1965.63,,1139.41,69.1852,22.5821,25.8447,8,80.89,331.647,565,1046,0.537285,,130.589,64.9219,21.3494,43.8124,9,181.844,2350.95,80,225,0.342222,,854.667,64.9014,20.6363,24.563,8,81.7727,403.131,213,1192,0.176174
63.274,65.0182,22.2273,41.9863,8,235.471,2040.32,393,508,0.767717,,1000.54,64.9385,19.4354,21.6132,7,57.1968,223.396,,977.488,66.3062,20.7341,23.2164,7,69.4978,253.016,575,986,0.580122,,136.941,64.9149,17.6708,76.4487,10,403.18,6160.03,48,216,0.208333,,1104.27,63.1355,20.5403,24.3153,8,80.1755,387.046,254,1511,0.166115
56.6062,65.9383,20.3788,50.1398,8,290.982,3102.93,358,526,0.674905,,1000.31,63.4214,19.9698,22.5795,7,61.5673,266.713,,535.158,64.5228,19.7694,22.0188,7,59.322,228.972,648,896,0.719866,,168.207,67.9552,26.0475,31.6106,11,103.033,569.895,99,243,0.395062,,1340.55,65.527,20.4457,24.3221,8,100.079,395.523,269,1318,0.201821
43.2665,65.2903,25.1963,29.279,8,101.458,413.592,363,565,0.637168,,1003.2,67.8556,21.8488,24.9382,7,88.0779,315.483,,1561.91,63.2994,18.1914,20.4607,7,50.9848,229.733,553,1024,0.537109,,426.185,65.0688,25.5376,30.5852,11,85.6643,519.644,161,425,0.371765,,2325.81,63.7668,18.6346,22.4609,7,79.3604,392.215,293,3036,0.0955204
62.9868,70.3146,27.4343,32.3353,9,115.578,499.935,309,613,0.499184,,1000.68,70.3954,24.8942,29.1402,9,99.4415,432.265,,1141.4,66.5677,21.9869,24.9901,7,84.2295,304.854,491,1161,0.420327,,35.6914,62.9568,22.8028,43.4834,8,171.048,2122.63,38,131,0.267176,,1333.26,63.6374,19.2348,22.8389,7,84.2296,369.058,291,1540,0.187013
15.648,64.1395,25.8468,30.7884,8,121.518,497.485,384,536,0.710821,,1002.98,65.0361,21.3999,24.7899,8,71.9755,343.895,,1390.99,64.9419,19.9756,22.569,7,65.6421,262.166,535,1051,0.506185,,164.289,68.1532,26.0298,33.7724,11,115.417,801.765,95,313,0.29393,,952.663,65.4654,18.638,22.1343,7,85.2516,358.617,204,1690,0.118935
32.4689,66.131,22.9352,44.6203,9,226.64,2245.41,387,475,0.808421,,1001.53,64.3015,24.6772,28.5129,9,87.1785,389.511,,1129.93,66.2409,20.4617,23.0129,7,70.1745,260.367,546,1051,0.516651,,146.276,66.1294,23.727,27.8759,10,97.7126,425.941,86,202,0.410891,,1249.42,65.8448,20.2785,24.0382,8,87.4979,385.273,208,1878,0.109159
17.2777,65.7582,17.4369,48.0703,7,333.207,3146.63,364,555,0.65045,,1000.49,69.2458,22.5347,25.874,8,84.5933,340.56,,379.902,64.7837,20.7537,23.3705,7,61.6964,264.924,610,941,0.645058,,57.3483,65.7257,21.6402,37.7283,9,203.44,1640.65,49,186,0.247312,,734.937,66.9077,21.2459,25.2088,8,86.4931,404.778,210,1196,0.173077
29.4741,67.7804,24.6346,29.0392,8,110.315,446.347,354,565,0.621239,,1002.21,65.4473,20.8606,23.2523,7,60.626,242.444,,247.717,66.5747,21.249,24.1038,7,72.7997,292.076,618,889,0.691789,,84.4466,68.7025,30.8396,36.2594,12,103.143,552.584,61,169,0.343195,,,,,,,,,,,
13.0199,67.0473,23.5051,37.8214,9,166.093,1481.83,431,519,0.824663,,1001.36,66.1702,23.664,37.0488,9,154.27,1387.88,,395.719,66.7272,20.8913,23.5761,7,72.25,273.64,563,991,0.565086,,70.4183,63.3603,24.6529,27.3447,8,71.5138,274.944,41,171,0.222222,,1434.1,65.285,21.4214,26.2702,8,104.354,495.792,227,2362,0.0948349
36.4839,67.4527,22.8519,43.3135,9,214.774,2095.25,352,573,0.609075,,1000.65,67.9782,26.1469,29.4437,9,86.5666,334.68,,1942.31,66.1457,20.8409,22.8277,8,52.267,203.21,472,1123,0.417631,,46.0782,64.0839,26.0449,30.7039,10,89.9832,478.008,42,132,0.295455,,1043.83,66.921,21.5271,25.6041,8,93.7596,416.94,204,1804,0.111419
6.59202,64.0662,23.7798,26.1145,7,68.325,237.531,367,609,0.597701,,1000.63,66.6722,21.7015,24.7046,7,81.5761,305.497,,1245.25,64.8895,19.2375,21.9132,7,56.8198,270.252,573,1036,0.550193,,50.117,68.136,24.3531,45.804,10,231.933,2162.64,56,160,0.33125,,1089.54,64.172,19.2755,22.3977,8,72.3918,320.24,234,1422,0.162447
56.6414,65.0171,27.777,31.2184,8,83.984,353.04,419,507,0.820513,,1003.27,63.2871,26.2908,29.152,8,72.6729,293.635,,2095.2,64.0006,19.6756,22.1842,8,48.007,256.179,492,1146,0.426702,,109.686,65.1916,26.7075,30.3026,9,88.0912,367.981,72,194,0.35567,,,,,,,,,,,
36.5454,67.833,24.5972,44.2428,9,218.8,1976.42,428,503,0.84493,,1004.62,63.4202,21.6015,24.2308,8,62.6238,268.049,,790.658,63.822,18.5787,21.1439,7,52.4033,259.156,574,1040,0.549038,,75.344,65.5795,24.5598,28.438,9,85.9656,394.974,55,163,0.319018,,1906.92,64.1569,19.6607,22.6558,8,55.2811,306.971,312,2301,0.134289
37.9696,66.118,16.8659,46.892,7,288.569,3064.24,333,637,0.518053,,1003.07,70.437,23.8151,38.3934,9,155.341,1504.42,,1029.11,64.1859,20.178,22.6669,7,67.1295,252.771,600,933,0.639871,,22.9344,64.6155,27.6489,31.5821,10,92.7722,403.22,27,95,0.252632,,698.605,67.1828,20.5864,24.7114,8,91.9009,423.278,139,1585,0.0858044
42.8243,68.3595,23.8058,45.6594,8,248.102,2226.79,365,546,0.663004,,1004.47,66.4486,24.1133,27.9946,8,94.5563,389.5,,1977.82,63.185,19.1891,21.4533,7,53.6314,228.701,508,1180,0.427966,,80.3555,63.9241,25.691,29.7121,9,86.7194,409.222,55,175,0.297143,,1889.44,67.683,22.6088,27.3681,9,109.534,487.6,230,3198,0.0709819
157.539,65.2642,21.527,43.8634,9,221.298,2278.45,403,457,0.875274,,1003.38,66.3994,23.4917,38.0953,9,155.734,1507.74,,105.557,67.1103,23.789,27.197,9,68.7705,347.537,588,959,0.61001,,29.5235,66.1814,28.3868,31.8741,9,89.2938,354.566,33,117,0.25641,,,,,,,,,,,
8.3913,65.1579,24.0231,40.751,9,165.945,1738.49,350,577,0.601386,,1001.96,67.6323,21.6431,24.3607,8,70.117,275.04,,492.073,64.7939,21.1919,23.7794,7,69.5323,261.253,527,974,0.537988,,58.9258,67.161,27.0834,31.3778,9,117.737,437.664,50,174,0.270115,,,,,,,,,,,
35.3047,65.0413,21.8621,40.0475,8,226.595,1877.58,355,575,0.612174,,1001.2,63.9964,22.0893,24.8331,8,65.7494,278.78,,279.872,65.0442,20.3244,22.7903,8,54.325,251.313,591,969,0.606811,,67.5989,65.0724,21.4602,45.1994,10,240.794,2474.18,51,126,0.380952,,1409.18,69.1257,20.5205,24.3789,9,102.113,393.378,253,1753,0.142613
78.8448,69.8944,25.1474,29.3184,8,106.94,422.724,399,552,0.717391,,1000.61,64.2319,20.2825,22.7035,7,59.9474,247.549,,,,,,,,,,,,,104.215,63.8833,22.4016,40.0218,10,200.546,1804.72,62,216,0.273148,,983.335,65.3597,20.1692,23.8946,8,86.8354,381.144,244,1364,0.176686
40.9703,63.1436,25.1115,29.3099,8,101.142,426.596,388,616,0.625,,1003.26,66.7005,19.3023,21.4982,7,59.2641,224.397,,413.019,65.4575,20.452,23.9321,8,75.1204,353.936,627,1006,0.620278,,55.0223,68.4089,28.2885,32.6902,12,91.1144,452.221,47,150,0.293333,,1920.14,66.6276,21.9343,26.3253,9,102.397,450.886,309,2155,0.141995
36.233,65.8431,25.6802,29.6446,8,106.186,400,350,615,0.564228,,1005.04,65.347,20.6644,23.6753,7,76.4261,307.374,,1474.9,65.0379,20.2025,23.1031,7,62.8045,296.898,573,983,0.579858,,138.005,63.288,24.662,43.5121,8,170.402,1950.02,52,262,0.187023,,1372.9,65.2522,19.323,23.195,8,85.3438,396.594,274,1933,0.140197
11.5613,62.9696,23.7184,42.8986,8,173.513,2015.23,352,644,0.541925,,1003.24,65.934,20.7934,23.3671,7,65.1673,259.752,,421.125,65.3682,22.6972,25.9356,8,75.072,329.191,608,988,0.612348,,9.46268,63.9359,25.2235,28.4069,9,74.8638,322.424,27,61,0.393443,,1777.84,64.7321,19.0427,23.0784,7,102.732,411.954,266,2437,0.10792
37.4672,66.0563,23.7409,32.4737,9,108.927,884.416,398,534,0.7397,,1004.98,66.1459,21.0662,23.8784,8,62.5136,288.973,,433.498,63.2698,20.8514,23.4394,7,69.0026,262.466,674,853,0.786635,,39.0158,63.9112,19.4463,50.8494,9,296.291,3190.25,38,116,0.301724,,,,,,,,,,,
103.166,69.5794,27.0317,37.8096,10,168.346,1106.1,373,508,0.728346,,1000.26,68.3467,26.0581,31.0086,8,130.017,505.256,,1223.51,67.1979,22.1646,25.6661,8,84.1932,352.747,483,1178,0.40747,,34.2279,62.7393,17.7247,50.2698,7,270.408,3332.31,33,111,0.27027,,,,,,,,,,,
26.2696,63.123,24.9015,29.503,8,111.347,468.079,328,604,0.538079,,1000.35,66.6928,19.7527,22.2246,7,65.5491,251.542,,929.012,67.2542,21.2383,24.372,7,78.8935,319.063,531,1047,0.504298,,108.022,65.6,29.3751,34.4383,11,105.879,516.319,79,211,0.36019,,1023.07,64.5672,19.9041,23.6285,8,76.144,381.964,228,1283,0.17537
15.1941,66.9973,24.7384,43.4782,8,189.659,1945.38,412,471,0.868365,,1004.76,63.8616,22.32,24.7351,8,61.3913,244.533,,2070.02,67.0788,20.1456,22.5365,7,58.3013,243.839,478,1126,0.421847,,24.6628,62.8481,17.14,48.7494,8,317.911,3177.83,20,79,0.21519,,,,,,,,,,,
41.3408,62.9336,22.5099,44.2817,8,165.576,2208.48,356,578,0.610727,,1000.87,84.27,31.579,37.3176,10,147.808,583.905,,1520.27,65.1946,20.3919,22.917,7,65.2358,257.261,477,1105,0.428959,,19.5776,65.0004,21.7526,38.1192,8,197.951,1658.78,27,72,0.333333,,,,,,,,,,,
24.8586,68.1859,26.6256,31.8765,9,106.426,539.439,416,538,0.767658,,1002.37,64.2676,20.3209,22.9141,8,54.5242,265.624,,752.87,66.7091,20.973,24.2397,7,81.7028,332.354,601,880,0.679545,,321.121,68.5039,27.9075,32.4368,11,107.19,463.12,125,314,0.388535,,1693.33,63.6264,19.046,22.5706,7,79.666,361.052,230,2347,0.0967192
26.3126,69.0661,27.9136,31.7063,9,103.864,388.81,321,551,0.577132,,1000.44,68.8449,21.262,23.2766,8,48.1874,206.105,,2092.54,63.5236,19.1724,21.8039,7,63.5037,265.479,505,1054,0.476281,,72.7247,65.5528,25.4384,30.3234,10,99.3501,499.169,61,154,0.376623,,1936.34,64.1809,18.1851,21.3613,8,74.2758,325.651,285,2211,0.127544
57.008,70.5784,24.6272,47.4727,9,216.608,2391.3,336,604,0.551325,,1003.89,70.8691,24.1929,27.6584,8,85.1053,352.176,,364.926,69.0459,22.8259,26.7477,7,107.402,397.535,597,909,0.653465,,197.681,65.8169,22.5187,38.392,10,142.992,1666.04,109,281,0.377224,,,,,,,,,,,
15.1697,63.0486,21.5561,34.6346,8,173.008,1332.33,354,551,0.637024,,1000.21,63.0486,21.5561,34.6346,8,173.008,1332.33,,1125.84,68.4097,21.1707,24.263,7,85.0208,313.534,549,945,0.577778,,229.352,65.045,24.8024,28.4777,10,83.5834,373.591,114,365,0.30411,,1865.26,64.6477,19.7297,23.3288,8,83.2553,368.93,272,2200,0.122273
7.54848,64.023,22.1445,36.8077,7,152.447,1516.91,321,635,0.500787,,1003.38,63.7612,24.5348,27.2873,7,77.8886,279.522,,1284.76,71.1951,21.9838,24.9527,8,73.0183,301.663,552,1102,0.498185,,43.8818,64.6778,25.9966,30.0859,9,89.3756,417.232,45,139,0.302158,,,,,,,,,,,
37.3449,64.4367,21.0366,37.8644,7,185.731,1729.35,351,613,0.5677,,1000.6,65.5247,22.1138,25.4706,8,76.5202,344.331,,,,,,,,,,,,,77.7596,65.5074,20.4237,63.2277,11,283.593,4391.54,52,219,0.223744,,696.659,62.8922,19.2904,23.1609,7,79.6012,397.383,205,1237,0.163298
12.4644,66.8081,21.0972,48.4393,9,262.738,2814.11,352,655,0.532824,,1001.91,64.0844,20.1384,36.5524,8,152.553,1691.54,,616.721,63.6406,20.6749,23.125,7,66.8637,248.787,574,1083,0.527239,,257.792,64.0711,26.9344,31.553,11,95.0545,473.056,106,318,0.323899,,,,,,,,,,,
27.1128,67.6659,23.7189,40.1566,8,220.863,1663.45,403,553,0.723327,,1001.89,72.6038,22.8223,25.6588,8,76.9897,289.005,,822.653,67.0372,20.8227,23.5452,7,76.7876,276.348,525,1072,0.48694,,196.504,67.4069,25.9358,30.86,12,96.0081,503.598,94,262,0.347328,,2232.35,65.0641,20.3642,23.8836,9,67.2705,358.813,282,2526,0.110451
79.1911,69.4545,28.9494,33.5833,9,114.617,471.691,368,537,0.679702,,1004.49,66.5382,24.2016,28.3337,9,85.9725,422.068,,258.743,64.2835,20.5692,22.8782,8,56.2355,236.492,611,992,0.612903,,59.4907,64.3225,20.5914,36.3155,8,195.578,1619.78,43,190,0.210526,,1120.18,67.307,23.3681,27.5521,10,108.052,427.728,190,2191,0.0853492
26.9282,63.9056,19.133,43.2145,8,212.195,2458.68,380,580,0.65,,1000.82,65.7272,20.9763,24.0422,7,77.1689,312.495,,1346.83,65.2171,21.8888,24.7467,8,68.1908,291.658,464,1230,0.374797,,58.5469,62.9106,22.8234,25.8305,8,73.0655,302.923,52,205,0.239024,,701.476,65.0661,19.6713,23.949,7,102.131,437.417,202,1137,0.175022
64.2008,64.6847,25.5064,29.4787,9,88.6766,404.535,366,542,0.669742,,1002.55,64.9673,21.6405,24.5998,8,74.4316,301.661,,2186.99,65.9486,20.947,23.5594,7,69.687,264.473,472,1188,0.394781,,305.783,67.2468,23.847,36.8493,11,152.367,1341.48,138,309,0.436893,,,,,,,,,,,
33.4398,64.1851,22.2909,35.4021,9,144.285,1301.99,358,552,0.643116,,1000.6,64.6354,23.9025,27.3682,8,86.3571,350.627,,510.776,64.9142,20.346,22.8372,7,68.8541,253.064,573,1014,0.56213,,47.3698,66.454,23.9286,36.1015,9,142.051,1254.91,46,129,0.333333,,,,,,,,,,,
23.4622,64.7458,19.688,42.0177,7,267.636,2306.83,362,560,0.641071,,1003.61,67.9628,21.5109,24.4614,7,86.6971,299.949,,931.626,64.996,22.3784,25.6339,8,77.5532,332.832,492,1069,0.457437,,49.3594,63.7049,23.5153,30.1885,9,112.321,687.915,46,188,0.228723,,2365.06,68.1113,21.0368,24.6208,8,91.2448,367.514,308,3138,0.0971957
25.0112,73.4211,26.3199,45.3888,8,222.67,1941.73,351,573,0.60733,,1003.61,85.775,35.7715,41.6301,11,147.448,594.652,,865.583,65.9723,21.0036,23.8495,7,69.8942,290.509,617,990,0.620202,,66.0532,66.023,24.1566,38.7692,11,158.03,1525.42,54,164,0.310976,,1616.77,65.2317,19.8218,23.0786,8,69.2768,334.669,253,2601,0.0961169
12.2275,64.5893,20.5021,48.34,8,242.561,2852.87,316,661,0.473525,,1000.7,73.8925,28.1245,32.97,9,120.398,492.212,,1600.87,64.6798,19.8927,22.3505,7,58.3959,250.961,547,1065,0.510798,,23.4374,62.5824,17.6667,54.7676,7,289.654,3822.59,26,147,0.156463,,2422.03,63.9005,18.6421,22.2753,7,79.1594,372.846,277,2744,0.0998542
27.9924,67.1673,20.8617,55.548,9,295.662,3595.95,357,570,0.621053,,1000.35,65.5801,19.1842,53.7119,8,297.612,3578.77,,784.339,63.9154,19.8997,22.2395,7,54.5278,236.315,517,1152,0.446181,,68.2997,66.1526,28.1957,33.1197,11,100.807,502.209,63,143,0.41958,,644.939,66.2485,21.7606,26.3981,9,103.598,475.869,118,1730,0.066474
33.8696,66.8686,17.5368,46.4335,7,323.384,2961.75,386,512,0.748047,,1003.52,64.1626,20.1352,22.474,7,64.7155,237.636,,1966.8,68.2671,21.751,24.8358,7,87.5498,312.978,522,968,0.536157,,87.8084,65.7359,26.4706,30.5344,10,89.6733,416.933,63,201,0.298507,,,,,,,,,,,
16.3245,66.7913,27.6279,31.3617,8,96.761,380.697,343,568,0.598592,,1000.97,71.8722,24.0202,27.7598,8,98.6566,381.71,,1010.86,65.7583,21.0457,23.9505,7,80.1804,297.863,551,1066,0.514071,,127.947,65.2566,25.114,33.2343,12,106.462,840.716,76,234,0.311966,,1678.81,64.7173,19.1279,23.0919,7,81.7126,403.365,296,2068,0.141683
6.4778,67.2695,23.4096,39.841,8,198.167,1672.74,411,544,0.75,,1001.47,64.5284,21.6973,24.1962,8,58.561,255.227,,1208.37,66.5624,19.3881,21.9476,6,75.2278,259.126,524,1123,0.463936,,27.7019,65.9996,24.6839,39.9332,8,160.898,1534.59,26,79,0.291139,,1410.51,68.1609,21.3237,25.4937,8,108.632,427.256,297,1385,0.212274
72.6495,65.4312,19.6294,41.9458,9,207.802,2303.23,358,542,0.654982,,1002.25,66.5409,21.6038,25.2931,8,83.1241,376.855,,1771.08,66.6582,21.0686,23.9775,7,75.8604,296.45,539,1108,0.483755,,167.939,63.855,23.0815,39.9687,9,157.618,1682.82,100,256,0.378906,,,,,,,,,,,
19.6194,62.7025,18.2581,49.2516,8,293.005,3140.68,342,612,0.553922,,1001.06,62.7025,18.2581,49.2516,8,293.005,3140.68,,381.883,65.3803,20.5572,23.43,7,69.3995,293.348,601,963,0.620976,,47.3168,64.5979,18.1068,54.5626,8,327.511,3695.54,45,125,0.336,,,,,,,,,,,
11.5515,66.0349,24.5579,28.0737,7,89.4698,355.386,398,561,0.7041,,1002.58,62.8403,19.935,22.137,7,53.8323,223.524,,811.943,68.6963,21.6804,25.4491,7,98.5148,380.901,573,1175,0.485106,,38.2658,65.3851,24.555,28.1553,9,91.6541,365.771,39,108,0.333333,,,,,,,,,,,
82.4063,67.6859,22.0541,50.1311,9,204.768,2918.12,320,582,0.544674,,1001.65,68.5973,24.2625,28.2766,8,98.8232,406.901,,505.855,67.8818,21.2691,24.6761,7,87.7067,347.82,610,1026,0.591618,,21.8554,63.2079,25.5204,28.1933,8,74.7182,272.158,23,71,0.28169,,1478.93,66.7117,21.1925,24.5995,9,84.3469,348.193,258,1905,0.133858
19.171,67.3978,23.1744,34.6598,8,157.322,1182.24,328,604,0.538079,,1001.36,66.902,24.8755,28.4447,8,85.5991,360.296,,,,,,,,,,,,,29.3268,63.2327,22.4684,25.6528,7,90.7486,323.85,32,137,0.211679,,596.384,68.8957,22.3724,26.5083,9,89.3881,424.306,170,1212,0.137789
45.6064,67.2546,22.6409,36.1918,8,176.383,1386.17,383,560,0.678571,,1002.94,64.2685,20.7381,23.2482,8,56.0147,254.671,,568.617,64.1857,20.4662,23.1731,7,63.5497,275.234,618,1021,0.602351,,93.448,68.2497,25.2051,44.5541,10,184.492,1961.78,59,187,0.299465,,687.342,62.8046,19.0324,22.558,7,75.7978,361.945,218,941,0.22848
36.8618,65.6545,25.7502,48.9096,10,215.342,2378.62,352,569,0.613357,,1003.77,66.1649,22.1658,45.0367,8,214.155,2348.55,,911.882,64.3442,22.5742,25.8508,8,75.6015,331.396,575,1055,0.54218,,36.6212,69.2263,27.588,34.4139,12,125.524,698.379,52,181,0.270718,,,,,,,,,,,
33.0118,67.9115,23.8879,46.0102,8,193.084,2318.93,408,554,0.731047,,1000.27,62.955,19.8505,22.0963,7,57.8115,229.372,,672.05,87.2502,30.4912,35.1028,11,112.832,466.836,615,957,0.639498,,119.478,66.1618,24.1296,26.9219,9,76.7793,283.807,73,240,0.291667,,1747.04,65.6473,21.3498,25.6593,9,87.9236,439.949,239,2459,0.095974
18.4939,64.4429,21.4429,39.1277,8,182.028,1836.3,375,560,0.664286,,1001.47,66.1971,22.1214,24.7643,8,57.7552,270.357,,847.155,63.4062,20.7093,23.4726,7,80.4694,280.917,582,1130,0.512389,,59.3554,63.4649,27.3918,31.4049,10,71.1995,410.848,47,144,0.305556,,,,,,,,,,,
19.4199,77.5322,27.5903,58.3761,10,293.936,3187.9,368,523,0.697897,,1000.54,66.8131,20.2378,22.5768,7,60.0781,238.284,,412.897,64.6841,22.1189,25.4348,7,88.9837,339.18,597,986,0.602434,,127.931,64.4671,22.5803,44.895,9,221.373,2328.35,68,240,0.270833,,,,,,,,,,,
22.512,69.4895,22.0321,34.0602,7,177.537,1220.85,400,490,0.810204,,1000.46,69.2687,22.1073,25.0693,7,84.1243,302.432,,2105.98,64.1089,18.9402,21.3148,6,67.3612,241.506,495,1032,0.476744,,124.732,65.8877,25.5068,44.3288,11,167.224,1962.98,78,213,0.352113,,1454.38,66.3716,18.8957,22.1749,7,77.6543,335.94,217,2229,0.0960072
15.7494,71.0801,19.3985,48.0631,8,293.599,2941.85,323,614,0.521173,,1000.53,67.4735,20.133,47.6472,9,268.118,2824.98,,884.921,63.7352,19.932,22.1038,7,63.8211,220.255,570,950,0.596842,,21.184,62.5775,23.2232,39.8153,8,156.449,1667.58,28,104,0.240385,,,,,,,,,,,
33.3131,66.6369,22.0944,39.8871,8,224.501,1782.06,362,575,0.624348,,1002.51,64.8205,23.1617,27.0029,8,86.8847,391.058,,541.933,66.4876,20.1741,22.7183,7,66.3142,259.935,565,1049,0.535748,,224.969,67.1093,24.0849,48.7683,11,202.442,2563.93,89,329,0.261398,,,,,,,,,,,
13.7623,64.3024,27.0117,30.5344,8,93.2294,358.572,432,493,0.870183,,1003.45,66.1253,22.7351,25.6222,8,74.7592,292.584,,,,,,,,,,,,,53.2123,66.1941,23.3174,47.4949,9,212.682,2534.72,50,125,0.376,,2348.34,66.9375,22.1889,27.3361,8,104.371,523.732,323,2842,0.112597
98.579,63.0064,22.1263,37.646,8,198.109,1557.83,371,542,0.678967,,1000.64,64.2333,23.8259,27.2057,8,86.4345,341.677,,574.769,64.8849,20.7192,23.1519,7,63.9013,247.615,604,1065,0.564319,,215.774,68.5735,26.9439,32.4914,12,124.144,563.826,102,290,0.341379,,,,,,,,,,,
72.6255,67.307,22.2117,35.0171,8,141.845,1315.01,351,578,0.602076,,1003.06,63.8059,22.2706,24.9803,7,76.3453,276.592,,1275.43,70.1374,22.3434,25.635,8,86.024,337.192,547,1058,0.514178,,66.6064,64.2717,23.9167,27.8482,9,83.5416,401.32,57,200,0.27,,1395.11,64.1475,19.5336,22.7102,8,67.831,326.198,228,2168,0.103782
31.3477,67.0904,29.086,33.5144,9,101.309,447.818,438,490,0.887755,,1002.31,66.9273,23.9654,27.2308,9,75.2397,328.98,,670.081,64.2304,20.703,22.5457,8,47.9174,187.04,596,1000,0.593,,344.03,68.4726,23.7802,45.341,10,216.197,2183.43,144,361,0.390582,,2100.58,65.5489,20.4575,25.1603,8,107.105,482.348,278,2090,0.131579
25.1076,64.3738,24.686,36.2781,10,131.343,1203.85,371,536,0.686567,,1003.68,71.2056,24.7502,28.2316,9,80.7441,355.198,,293.5,67.7094,22.7824,25.9781,8,73.5568,323.683,656,886,0.73702,,186.152,62.7269,24.6814,27.4534,8,69.1234,283.568,111,248,0.435484,,,,,,,,,,,
73.2304,66.2761,27.7964,31.1378,8,83.2911,340.383,368,512,0.712891,,1003.71,64.5347,21.1162,23.8434,7,71.6488,276.326,,158.804,66.1102,20.923,23.4878,7,66.1282,261.036,639,912,0.697368,,183.005,69.7799,27.9048,32.5621,11,92.9809,479.155,98,286,0.332168,,1885.17,67.397,23.0168,28.3216,9,123.019,542.749,229,2663,0.0848667
32.8575,69.2654,21.353,48.2615,8,288.79,2749.57,347,601,0.572379,,1004.49,65.8678,19.1741,40.8856,7,250.736,2228.27,,545.789,64.5411,20.0644,22.2718,7,59.9138,223.397,619,950,0.648421,,148.661,67.7246,27.7594,32.3653,11,106.197,471.653,79,234,0.324786,,526.259,65.0181,20.4806,24.2102,9,73.6423,382,153,1178,0.127334
62.1131,69.6679,24.9443,50.4683,9,232.155,2661.02,355,532,0.661654,,1001.34,65.61,24.4394,27.3517,8,78.3396,295.581,,278.534,69.8559,22.6915,26.0502,8,85.9015,343.706,607,891,0.67789,,39.1899,66.3815,24.0026,42.8078,9,150.169,1877.28,50,138,0.34058,,1253.63,65.2682,19.5035,23.4743,8,88.7239,407.66,220,1712,0.126752
29.0071,65.8862,25.9067,37.6587,9,137.416,1223.95,374,562,0.660142,,1001.96,63.6776,18.9045,20.9955,7,47.4633,212.585,,895.051,64.5416,19.1288,21.8914,7,60.6337,282.348,603,973,0.61665,,96.0151,64.8741,23.7272,41.7377,9,164.667,1873.4,65,163,0.380368,,651.057,64.3795,18.9941,22.488,7,83.1639,357.641,161,1353,0.116778
7.62759,63.0101,23.4572,35.0975,7,143.679,1164.95,389,528,0.731061,,1001.48,65.3589,21.2511,24.0289,7,74.9427,282.043,,369.876,64.4167,19.8912,22.6535,7,64.7601,279.296,617,979,0.627171,,270.356,65.8314,28.4084,33.7538,11,107.112,544.377,110,300,0.356667,,2241.82,64.2411,19.3998,23.1659,7,81.0495,384.757,348,1708,0.201991
16.6819,63.6789,23.1038,32.0197,7,104.455,906.689,420,538,0.775093,,1002.01,65.1227,20.3026,22.6932,7,65.34,241.845,,,,,,,,,,,,,282.643,67.1553,23.3574,27.1801,8,101.105,387.124,114,383,0.289817,,1723.61,66.3552,22.105,27.5236,10,108.511,555.336,187,2938,0.0626276
57.1293,69.5574,27.1071,32.0773,9,114.719,504.451,400,487,0.815195,,1001.44,64.2563,22.4379,25.2797,8,67.6961,289.695,,1824.47,66.5758,21.0873,24.0747,7,77.1902,304.001,500,1092,0.455128,,69.0785,66.1012,26.6119,49.3061,11,232.885,2357.92,53,171,0.292398,,,,,,,,,,,
26.0737,64.2438,24.2262,28.3225,8,95.1516,416.523,367,572,0.636364,,1003.26,66.8152,22.0233,24.8358,8,64.859,287.917,,460.116,67.3874,21.2258,24.7913,7,90.8653,364.803,634,907,0.6957,,324.102,66.8658,25.4256,28.5235,8,82.1615,315.425,139,340,0.4,,1532.07,65.1042,20.0622,24.204,7,107.839,422.117,240,2006,0.118146
15.8338,62.8857,23.4789,26.3358,9,54.6248,291.544,400,552,0.719203,,1002.45,63.8067,19.8798,22.1792,7,56.3104,234.432,,328.884,68.9538,23.2397,26.4096,8,79.9344,323.374,535,965,0.551295,,60.3514,66.6857,16.1167,69.8325,8,463.857,5577.89,51,169,0.284024,,509.793,66.2864,19.7181,23.2615,8,89.3443,362.003,152,1216,0.122533
10.8371,65.0106,22.5234,30.6441,7,131.914,828.268,370,526,0.697719,,1001.18,64.0167,23.1399,25.6412,7,69.9439,252.392,,314.696,62.8129,19.9064,21.9687,7,54.0303,210.411,641,898,0.710468,,90.4249,67.0043,28.097,34.1441,11,115.976,619.728,68,179,0.363128,,,,,,,,,,,
15.8308,62.8656,26.7508,28.6282,7,57.7399,191.355,416,480,0.860417,,1000.41,64.4544,20.4914,23.3022,7,67.0914,285.284,,634.359,62.8715,17.9071,19.5719,6,45.6836,169.676,490,1012,0.481225,,28.0442,67.3979,22.0436,61.1503,10,258.229,4127.48,34,75,0.413333,,2427.08,70.7852,20.9627,24.9596,8,106.606,408.749,356,2161,0.16335
51.3364,70.513,26.8512,29.2923,7,91.0543,247.513,331,569,0.57645,,1000.4,71.8949,26.366,29.1919,8,83.2534,287.904,,2195.67,66.8516,19.6998,22.0991,7,65.4732,244.54,430,1127,0.378882,,120.182,64.4375,26.2125,29.7866,9,74.9182,367.64,74,251,0.282869,,1322.03,67.3747,20.282,23.842,8,84.0563,364.335,236,1651,0.141127
28.5053,63.7752,18.9427,41.0475,8,245.755,2255.07,359,576,0.618056,,1001.46,64.736,22.8305,25.7094,8,67.4585,292.913,,998.981,64.4915,20.6139,23.4898,7,66.5143,292.023,562,1094,0.510969,,91.2535,66.3438,25.5288,30.4441,10,110.689,504.992,66,173,0.364162,,1035.46,63.2123,19.2703,22.9412,7,72.9935,375.621,222,1933,0.113295
70.1137,67.5531,19.8126,42.4408,9,196.366,2285.03,410,494,0.823887,,1001.61,63.6602,23.4461,26.6233,8,74.8498,321.469,,649.957,75.2923,25.9683,30.261,9,99.2726,438.491,585,1031,0.5645,,139.359,66.3837,27.7499,32.7331,11,99.4919,510.004,87,213,0.394366,,1532.44,65.6165,19.5497,23.2121,7,86.6013,374.307,290,1957,0.146653
15.7718,63.7715,20.2229,40.5832,8,244.225,2107.91,389,570,0.677193,,1002.34,64.2827,22.817,26.2251,8,80.386,346.648,,473.44,62.9036,19.5036,21.5276,7,50.61,205.717,612,978,0.622699,,66.4562,64.7187,25.4546,29.9283,9,108.187,456.132,58,184,0.298913,,1241.96,63.4813,18.9586,21.9311,8,63.834,303.509,231,2166,0.105263
40.1539,68.9633,25.3813,29.8121,8,110.052,451.998,429,505,0.843564,,1003.72,69.6664,23.2446,26.914,7,104.898,372.039,,219.1,64.4155,20.1844,22.6384,7,62.8093,250.987,530,927,0.568501,,56.8989,65.5252,26.446,31.5861,13,98.5134,523.062,62,163,0.361963,,,,,,,,,,,
47.9779,67.4246,20.0433,59.2854,9,343.71,4030.05,366,557,0.651706,,1004.61,65.3588,19.8266,22.0348,7,57.1398,224.641,,593.101,65.3134,20.8799,23.6101,8,62.9157,276.249,632,997,0.630893,,167.812,63.3985,22.0596,30.1471,8,89.1941,841.954,92,268,0.33209,,193.467,63.4869,19.6745,23.5641,7,85.5969,398.231,102,547,0.180987
17.9683,77.4613,27.4384,39.5125,10,170.555,1240.58,362,577,0.622184,,1002.23,64.1816,21.9976,24.8187,8,75.9484,287.348,,1274.33,66.3934,20.9848,23.7793,7,76.9677,284.932,502,1238,0.403069,,121.137,71.3622,25.5486,45.0549,11,187.923,2013.24,88,197,0.431472,,945.539,63.9685,19.2832,23.2039,7,88.5266,401,179,1658,0.106152
38.8908,72.0679,24.3591,44.509,9,241.544,2035.32,397,538,0.732342,,1001.99,65.695,21.2867,24.2478,8,60.8942,303.114,,837.163,64.9111,20.0663,22.4742,7,59.2184,245.474,607,1023,0.59042,,168.861,65.7596,22.8751,26.7549,9,80.9048,395.893,103,244,0.409836,,1516.37,65.0246,19.9553,23.8127,8,88.6959,395.091,252,2066,0.120523
78.186,69.4402,27.0577,42.6601,9,188.182,1615.53,364,531,0.679849,,1003.47,63.7799,20.1839,22.911,7,72.1391,276.169,,798.619,64.6158,20.2039,22.6726,7,63.101,250.64,607,940,0.642553,,63.389,64.7668,17.6173,49.7581,8,256.22,3344.41,62,158,0.373418,,1604.81,65.6158,22.5296,28.0633,9,124.673,566.68,226,1944,0.114712
19.2195,64.6443,24.8962,28.9796,8,87.3497,416.449,400,536,0.740672,,1001.79,65.1611,21.0575,24.3202,7,82.9904,331.668,,171.421,62.9696,21.2794,23.604,8,57.8871,237.162,608,899,0.67297,,45.6302,66.3563,23.8074,41.9297,10,220.402,1802.71,37,190,0.178947,,949.308,67.2787,20.3102,24.3905,8,103.03,418.124,181,1601,0.111181
102.015,70.3282,27.0803,40.2385,10,170.837,1328.71,335,515,0.64466,,1000.58,68.771,24.0565,27.8388,8,96.7056,383.886,,1388.54,64.5881,20.7054,23.6652,8,61.1516,302.707,563,976,0.57377,,176.786,65.6433,25.8706,39.3861,9,130.071,1385.61,92,251,0.354582,,2398.51,66.2187,21.8348,26.2329,8,110.913,449.235,315,2670,0.116854
26.9919,65.721,25.9167,29.7375,9,82.0778,391.717,331,564,0.58156,,1002.37,67.473,24.2801,27.7062,8,82.0116,351.176,,281.035,66.2339,22.1919,25.3337,8,80.2914,321.727,632,946,0.664905,,100.703,64.1259,21.2431,43.3881,8,240.925,2190.78,66,206,0.305825,,,,,,,,,,,
70.8134,68.0991,22.426,57.2645,10,288.381,3589.63,394,493,0.793103,,1001.89,66.811,21.5798,25.1028,7,92.8791,357.129,,628.904,67.3497,21.0259,23.475,7,71.0602,247.69,578,1029,0.558795,,110.176,64.6818,19.0021,58.7763,9,324.885,4100.84,58,235,0.234043,,998.647,63.4025,18.9752,21.8261,7,65.1067,290.69,245,1181,0.204911
84.0123,64.6414,26.9364,31.0846,9,89.8248,419.834,385,505,0.756436,,1004.09,64.3309,21.2726,24.6297,7,93.4105,341.012,,356.669,69.0486,24.676,28.6937,9,94.9015,410.782,643,934,0.685225,,101.505,66.7984,26.7591,31.7362,11,98.3358,509.737,81,181,0.430939,,,,,,,,,,,
26.0619,64.1744,24.9584,30.9268,9,109.386,616.62,421,507,0.824458,,1002.05,66.5484,23.9863,29.6333,9,91.2856,584.328,,2227.5,63.6989,18.8023,21.0809,7,58.3994,233.578,472,1079,0.434662,,124.998,67.1512,26.1036,32.0274,11,120.94,602.819,90,279,0.311828,,,,,,,,,,,
,,,,,,,,,,,,,,,,,,,,,,,,,,,,,,,,,,,,,,,,,,,,,,,,,,
,,,,,,,,,,,,,,,,,,,,,,,,,,,,,,,,,,,,,,,,,,,,,,,,,,
,,,,,,,,,,,,,,,,,,,,,,,,,,,,,,,,,,,,,,,,,,,,,,,,,,
,,,,,,,,,,,,,,,,,,,,,,,,,,,,,,,,,,,,,,,,,,,,,,,,,,
200,0,184,200,122,0,,,,,,,,,,,,,,,,,,,,,,,,,,,,,,,,,,,,,,,,,,,,,
,,,,,,,,,,,,,,,,,,,,,,,,,,,,,,,,,,,,,,,,,,,,,,,,,,
,,,,,,,,,,,,,,,,,,,,,,,,,,,,,,,,,,,,,,,,,,,,,,,,,,
,,,,,,,,,,,,,,,,,,,,,,,,,,,,,,,,,,,,,,,,,,,,,,,,,,
,,,,,,,,,,,,,,,,,,,,,,,,,,,,,,,,,,,,,,,,,,,,,,,,,,
,,,,,,,,,,,,,,,,,,,,,,,,,,,,,,,,,,,,,,,,,,,,,,,,,,
37.9912998,66.6671915,23.7135015,39.56082,8.335,180.083838,1625.548015,367.12,556.715,0.66018448,#DIV/0!,1002.0604,66.0893635,22.0904995,27.263638,7.71,91.0713135,529.484155,#DIV/0!,969.628962,66.0947587,21.08186522,23.90372011,7.315217391,71.83427391,286.9648913,559.5271739,1028.521739,0.547017315,#DIV/0!,116.1281525,65.580996,23.9989885,37.747718,9.525,150.864802,1416.55713,69.575,205.27,0.3205762,#DIV/0!,1411.167139,65.43958689,20.27773361,24.18845984,7.93442623,88.34038607,400.4082705,237.5901639,1898.270492,0.133258578
,,,,,,,,,,,,,,,,,,,,,,,,,,,,,,,,,,,,,,,,,,,,,,,,,,
,,,,,,,,,,,,,,,,,,,,,,,,,,,,,,,,,,,,,,,,,,,,,,,,,,
,,,,,,,,,,,,,,,,,,,,,,,,,,,,,,,,,,,,,,,,,,,,,,,,,,
,,,,,,,,,,,,,,,,,,,,,,,,,,,,,,,,,,,,,,,,,,,,,,,,,,
,,,,,,,,,,,,,,,,,,,,,,,,,,,,,,,,,,,,,,,,,,,,,,,,,,
,,,,,,,,,,,,,,,,,,,,,,,,,,,,,,,,,,,,,,,,,,,,,,,,,,
,,,,,,,,,,,,,,,,,,,,,,,,,,,,,,,,,,,,,,,,,,,,,,,,,,
,,,,,,,,,,,,,,,,,,,,,,,,,,,,,,,,,,,,,,,,,,,,,,,,,,
,,,,,,,0.66018448,0.547017315,0.3205762,0.133258578,,,,,,,,,,,,,,,,,,,,,,,,,,,,,,,,,,,,,,,,
